{
  "block.grass.hit": {"replace": true, "sounds": [""]},
  "block.vine.step": {"replace": true, "sounds": [""]},
  "block.grass.break": {"replace": true, "sounds": [""]},
  "entity.player.small_fall": {"replace": true, "sounds": [""]},

  "emptymagazine": {"replace": true, "sounds": ["emptymagazine"]},

  "glock_fire": {"replace": true, "sounds": ["glock_fire"]},
  "headshot": {"replace": true, "sounds": ["headshot"]},
  "knife_equip": {"replace": true, "sounds": ["knife_equip"]},

  "ssg08_fire": {"replace": true, "sounds": ["ssg08_fire"]},
  "ssg08_boltforward": {"replace": true, "sounds": ["ssg08_boltforward"]},
  "ssg08_boltback": {"replace": true, "sounds": ["ssg08_boltback"]},
  "ssg08_clipin": {"replace": true, "sounds": ["ssg08_clipin"]},
  "ssg08_cliphit": {"replace": true, "sounds": ["ssg08_cliphit"]},
  "ssg08_clipout": {"replace": true, "sounds": ["ssg08_clipout"]},

  "knife_attack3": {"replace": true, "sounds": ["knife_attack3"]},
  "knife_attack2": {"replace": true, "sounds": ["knife_attack2"]},
  "knife_attack1": {"replace": true, "sounds": ["knife_attack1"]},
  "knife_missed": {"replace": true, "sounds": ["knife_missed"]},

  "deagle_fire": {"replace": true, "sounds": ["deagle_fire"]},
  "deagle_equip": {"replace": true, "sounds": ["deagle_equip"]}
}