{"ambient.basalt_deltas.additions":{"replace":true,"sounds":[]},"ambient.basalt_deltas.loop":{"replace":true,"sounds":[]},"ambient.basalt_deltas.mood":{"replace":true,"sounds":[]},"ambient.cave":{"replace":true,"sounds":[]},"ambient.crimson_forest.additions":{"replace":true,"sounds":[]},"ambient.crimson_forest.loop":{"replace":true,"sounds":[]},"ambient.crimson_forest.mood":{"replace":true,"sounds":[]},"ambient.nether_wastes.additions":{"replace":true,"sounds":[]},"ambient.nether_wastes.loop":{"replace":true,"sounds":[]},"ambient.nether_wastes.mood":{"replace":true,"sounds":[]},"ambient.soul_sand_valley.additions":{"replace":true,"sounds":[]},"ambient.soul_sand_valley.loop":{"replace":true,"sounds":[]},"ambient.soul_sand_valley.mood":{"replace":true,"sounds":[]},"ambient.underwater.enter":{"replace":true,"sounds":[]},"ambient.underwater.exit":{"replace":true,"sounds":[]},"ambient.underwater.loop":{"replace":true,"sounds":[]},"ambient.underwater.loop.additions":{"replace":true,"sounds":[]},"ambient.underwater.loop.additions.rare":{"replace":true,"sounds":[]},"ambient.underwater.loop.additions.ultra_rare":{"replace":true,"sounds":[]},"ambient.warped_forest.additions":{"replace":true,"sounds":[]},"ambient.warped_forest.loop":{"replace":true,"sounds":[]},"ambient.warped_forest.mood":{"replace":true,"sounds":[]},"4cafc6887be6d7b6":{"replace":true,"sounds":["4cafc6887be6d7b6"]},"059a92cfbc171656":{"replace":true,"sounds":["059a92cfbc171656"]},"78e31e8cc8d6c103":{"replace":true,"sounds":["78e31e8cc8d6c103"]},"e48a68ef863597f5":{"replace":true,"sounds":["e48a68ef863597f5"]},"c3ddf2e92ee92d1c":{"replace":true,"sounds":["c3ddf2e92ee92d1c"]},"block.amethyst_block.break":{"replace":true,"sounds":[]},"block.amethyst_block.chime":{"replace":true,"sounds":[]},"block.amethyst_block.fall":{"replace":true,"sounds":[]},"block.amethyst_block.hit":{"replace":true,"sounds":[]},"block.amethyst_block.place":{"replace":true,"sounds":[]},"block.amethyst_block.resonate":{"replace":true,"sounds":[]},"block.amethyst_block.step":{"replace":true,"sounds":[]},"block.amethyst_cluster.break":{"replace":true,"sounds":[]},"block.amethyst_cluster.fall":{"replace":true,"sounds":[]},"block.amethyst_cluster.hit":{"replace":true,"sounds":[]},"block.amethyst_cluster.place":{"replace":true,"sounds":[]},"block.amethyst_cluster.step":{"replace":true,"sounds":[]},"block.ancient_debris.break":{"replace":true,"sounds":[]},"block.ancient_debris.fall":{"replace":true,"sounds":[]},"block.ancient_debris.hit":{"replace":true,"sounds":[]},"block.ancient_debris.place":{"replace":true,"sounds":[]},"block.ancient_debris.step":{"replace":true,"sounds":[]},"block.anvil.break":{"replace":true,"sounds":[]},"block.anvil.destroy":{"replace":true,"sounds":[]},"block.anvil.fall":{"replace":true,"sounds":[]},"block.anvil.hit":{"replace":true,"sounds":[]},"block.anvil.land":{"replace":true,"sounds":[]},"block.anvil.place":{"replace":true,"sounds":[]},"block.anvil.step":{"replace":true,"sounds":[]},"block.anvil.use":{"replace":true,"sounds":[]},"block.azalea.break":{"replace":true,"sounds":[]},"block.azalea.fall":{"replace":true,"sounds":[]},"block.azalea.hit":{"replace":true,"sounds":[]},"block.azalea.place":{"replace":true,"sounds":[]},"block.azalea.step":{"replace":true,"sounds":[]},"block.azalea_leaves.break":{"replace":true,"sounds":[]},"block.azalea_leaves.fall":{"replace":true,"sounds":[]},"block.azalea_leaves.hit":{"replace":true,"sounds":[]},"block.azalea_leaves.place":{"replace":true,"sounds":[]},"block.azalea_leaves.step":{"replace":true,"sounds":[]},"block.bamboo.break":{"replace":true,"sounds":[]},"block.bamboo.fall":{"replace":true,"sounds":[]},"block.bamboo.hit":{"replace":true,"sounds":[]},"block.bamboo.place":{"replace":true,"sounds":[]},"block.bamboo.step":{"replace":true,"sounds":[]},"block.bamboo_sapling.break":{"replace":true,"sounds":[]},"block.bamboo_sapling.hit":{"replace":true,"sounds":[]},"block.bamboo_sapling.place":{"replace":true,"sounds":[]},"block.bamboo_wood.break":{"replace":true,"sounds":[]},"block.bamboo_wood.fall":{"replace":true,"sounds":[]},"block.bamboo_wood.hit":{"replace":true,"sounds":[]},"block.bamboo_wood.place":{"replace":true,"sounds":[]},"block.bamboo_wood.step":{"replace":true,"sounds":[]},"block.bamboo_wood_button.click_off":{"replace":true,"sounds":[]},"block.bamboo_wood_button.click_on":{"replace":true,"sounds":[]},"block.bamboo_wood_door.close":{"replace":true,"sounds":[]},"block.bamboo_wood_door.open":{"replace":true,"sounds":[]},"block.bamboo_wood_fence_gate.close":{"replace":true,"sounds":[]},"block.bamboo_wood_fence_gate.open":{"replace":true,"sounds":[]},"block.bamboo_wood_hanging_sign.break":{"replace":true,"sounds":[]},"block.bamboo_wood_hanging_sign.fall":{"replace":true,"sounds":[]},"block.bamboo_wood_hanging_sign.hit":{"replace":true,"sounds":[]},"block.bamboo_wood_hanging_sign.place":{"replace":true,"sounds":[]},"block.bamboo_wood_hanging_sign.step":{"replace":true,"sounds":[]},"block.bamboo_wood_pressure_plate.click_off":{"replace":true,"sounds":[]},"block.bamboo_wood_pressure_plate.click_on":{"replace":true,"sounds":[]},"block.bamboo_wood_trapdoor.close":{"replace":true,"sounds":[]},"block.bamboo_wood_trapdoor.open":{"replace":true,"sounds":[]},"block.barrel.close":{"replace":true,"sounds":[]},"block.barrel.open":{"replace":true,"sounds":[]},"block.basalt.break":{"replace":true,"sounds":[]},"block.basalt.fall":{"replace":true,"sounds":[]},"block.basalt.hit":{"replace":true,"sounds":[]},"block.basalt.place":{"replace":true,"sounds":[]},"block.basalt.step":{"replace":true,"sounds":[]},"block.beacon.activate":{"replace":true,"sounds":[]},"block.beacon.ambient":{"replace":true,"sounds":[]},"block.beacon.deactivate":{"replace":true,"sounds":[]},"block.beacon.power_select":{"replace":true,"sounds":[]},"block.beehive.drip":{"replace":true,"sounds":[]},"block.beehive.enter":{"replace":true,"sounds":[]},"block.beehive.exit":{"replace":true,"sounds":[]},"block.beehive.shear":{"replace":true,"sounds":[]},"block.beehive.work":{"replace":true,"sounds":[]},"block.bell.resonate":{"replace":true,"sounds":[]},"block.bell.use":{"replace":true,"sounds":[]},"block.big_dripleaf.break":{"replace":true,"sounds":[]},"block.big_dripleaf.fall":{"replace":true,"sounds":[]},"block.big_dripleaf.hit":{"replace":true,"sounds":[]},"block.big_dripleaf.place":{"replace":true,"sounds":[]},"block.big_dripleaf.step":{"replace":true,"sounds":[]},"block.big_dripleaf.tilt_down":{"replace":true,"sounds":[]},"block.big_dripleaf.tilt_up":{"replace":true,"sounds":[]},"block.blastfurnace.fire_crackle":{"replace":true,"sounds":[]},"block.bone_block.break":{"replace":true,"sounds":[]},"block.bone_block.fall":{"replace":true,"sounds":[]},"block.bone_block.hit":{"replace":true,"sounds":[]},"block.bone_block.place":{"replace":true,"sounds":[]},"block.bone_block.step":{"replace":true,"sounds":[]},"block.brewing_stand.brew":{"replace":true,"sounds":[]},"block.bubble_column.bubble_pop":{"replace":true,"sounds":[]},"block.bubble_column.upwards_ambient":{"replace":true,"sounds":[]},"block.bubble_column.upwards_inside":{"replace":true,"sounds":[]},"block.bubble_column.whirlpool_ambient":{"replace":true,"sounds":[]},"block.bubble_column.whirlpool_inside":{"replace":true,"sounds":[]},"block.cactus_flower.break":{"replace":true,"sounds":[]},"block.cactus_flower.place":{"replace":true,"sounds":[]},"block.cake.add_candle":{"replace":true,"sounds":[]},"block.calcite.break":{"replace":true,"sounds":[]},"block.calcite.fall":{"replace":true,"sounds":[]},"block.calcite.hit":{"replace":true,"sounds":[]},"block.calcite.place":{"replace":true,"sounds":[]},"block.calcite.step":{"replace":true,"sounds":[]},"block.campfire.crackle":{"replace":true,"sounds":[]},"block.candle.ambient":{"replace":true,"sounds":[]},"block.candle.break":{"replace":true,"sounds":[]},"block.candle.extinguish":{"replace":true,"sounds":[]},"block.candle.fall":{"replace":true,"sounds":[]},"block.candle.hit":{"replace":true,"sounds":[]},"block.candle.place":{"replace":true,"sounds":[]},"block.candle.step":{"replace":true,"sounds":[]},"block.cave_vines.break":{"replace":true,"sounds":[]},"block.cave_vines.fall":{"replace":true,"sounds":[]},"block.cave_vines.hit":{"replace":true,"sounds":[]},"block.cave_vines.pick_berries":{"replace":true,"sounds":[]},"block.cave_vines.place":{"replace":true,"sounds":[]},"block.cave_vines.step":{"replace":true,"sounds":[]},"block.chain.break":{"replace":true,"sounds":[]},"block.chain.fall":{"replace":true,"sounds":[]},"block.chain.hit":{"replace":true,"sounds":[]},"block.chain.place":{"replace":true,"sounds":[]},"block.chain.step":{"replace":true,"sounds":[]},"block.cherry_leaves.break":{"replace":true,"sounds":[]},"block.cherry_leaves.fall":{"replace":true,"sounds":[]},"block.cherry_leaves.hit":{"replace":true,"sounds":[]},"block.cherry_leaves.place":{"replace":true,"sounds":[]},"block.cherry_leaves.step":{"replace":true,"sounds":[]},"block.cherry_sapling.break":{"replace":true,"sounds":[]},"block.cherry_sapling.fall":{"replace":true,"sounds":[]},"block.cherry_sapling.hit":{"replace":true,"sounds":[]},"block.cherry_sapling.place":{"replace":true,"sounds":[]},"block.cherry_sapling.step":{"replace":true,"sounds":[]},"block.cherry_wood.break":{"replace":true,"sounds":[]},"block.cherry_wood.fall":{"replace":true,"sounds":[]},"block.cherry_wood.hit":{"replace":true,"sounds":[]},"block.cherry_wood.place":{"replace":true,"sounds":[]},"block.cherry_wood.step":{"replace":true,"sounds":[]},"block.cherry_wood_button.click_off":{"replace":true,"sounds":[]},"block.cherry_wood_button.click_on":{"replace":true,"sounds":[]},"block.cherry_wood_door.close":{"replace":true,"sounds":[]},"block.cherry_wood_door.open":{"replace":true,"sounds":[]},"block.cherry_wood_fence_gate.close":{"replace":true,"sounds":[]},"block.cherry_wood_fence_gate.open":{"replace":true,"sounds":[]},"block.cherry_wood_hanging_sign.break":{"replace":true,"sounds":[]},"block.cherry_wood_hanging_sign.fall":{"replace":true,"sounds":[]},"block.cherry_wood_hanging_sign.hit":{"replace":true,"sounds":[]},"block.cherry_wood_hanging_sign.place":{"replace":true,"sounds":[]},"block.cherry_wood_hanging_sign.step":{"replace":true,"sounds":[]},"block.cherry_wood_pressure_plate.click_off":{"replace":true,"sounds":[]},"block.cherry_wood_pressure_plate.click_on":{"replace":true,"sounds":[]},"block.cherry_wood_trapdoor.close":{"replace":true,"sounds":[]},"block.cherry_wood_trapdoor.open":{"replace":true,"sounds":[]},"block.chest.close":{"replace":true,"sounds":[]},"block.chest.locked":{"replace":true,"sounds":[]},"block.chest.open":{"replace":true,"sounds":[]},"block.chiseled_bookshelf.break":{"replace":true,"sounds":[]},"block.chiseled_bookshelf.fall":{"replace":true,"sounds":[]},"block.chiseled_bookshelf.hit":{"replace":true,"sounds":[]},"block.chiseled_bookshelf.insert":{"replace":true,"sounds":[]},"block.chiseled_bookshelf.insert.enchanted":{"replace":true,"sounds":[]},"block.chiseled_bookshelf.pickup":{"replace":true,"sounds":[]},"block.chiseled_bookshelf.pickup.enchanted":{"replace":true,"sounds":[]},"block.chiseled_bookshelf.place":{"replace":true,"sounds":[]},"block.chiseled_bookshelf.step":{"replace":true,"sounds":[]},"block.chorus_flower.death":{"replace":true,"sounds":[]},"block.chorus_flower.grow":{"replace":true,"sounds":[]},"block.cobweb.break":{"replace":true,"sounds":[]},"block.cobweb.fall":{"replace":true,"sounds":[]},"block.cobweb.hit":{"replace":true,"sounds":[]},"block.cobweb.place":{"replace":true,"sounds":[]},"block.cobweb.step":{"replace":true,"sounds":[]},"block.comparator.click":{"replace":true,"sounds":[]},"block.composter.empty":{"replace":true,"sounds":[]},"block.composter.fill":{"replace":true,"sounds":[]},"block.composter.fill_success":{"replace":true,"sounds":[]},"block.composter.ready":{"replace":true,"sounds":[]},"block.conduit.activate":{"replace":true,"sounds":[]},"block.conduit.ambient":{"replace":true,"sounds":[]},"block.conduit.ambient.short":{"replace":true,"sounds":[]},"block.conduit.attack.target":{"replace":true,"sounds":[]},"block.conduit.deactivate":{"replace":true,"sounds":[]},"block.copper.break":{"replace":true,"sounds":[]},"block.copper.fall":{"replace":true,"sounds":[]},"block.copper.hit":{"replace":true,"sounds":[]},"block.copper.place":{"replace":true,"sounds":[]},"block.copper.step":{"replace":true,"sounds":[]},"block.copper_bulb.break":{"replace":true,"sounds":[]},"block.copper_bulb.fall":{"replace":true,"sounds":[]},"block.copper_bulb.hit":{"replace":true,"sounds":[]},"block.copper_bulb.place":{"replace":true,"sounds":[]},"block.copper_bulb.step":{"replace":true,"sounds":[]},"block.copper_bulb.turn_off":{"replace":true,"sounds":[]},"block.copper_bulb.turn_on":{"replace":true,"sounds":[]},"block.copper_door.close":{"replace":true,"sounds":[]},"block.copper_door.open":{"replace":true,"sounds":[]},"block.copper_grate.break":{"replace":true,"sounds":[]},"block.copper_grate.fall":{"replace":true,"sounds":[]},"block.copper_grate.hit":{"replace":true,"sounds":[]},"block.copper_grate.place":{"replace":true,"sounds":[]},"block.copper_grate.step":{"replace":true,"sounds":[]},"block.copper_trapdoor.close":{"replace":true,"sounds":[]},"block.copper_trapdoor.open":{"replace":true,"sounds":[]},"block.coral_block.break":{"replace":true,"sounds":[]},"block.coral_block.fall":{"replace":true,"sounds":[]},"block.coral_block.hit":{"replace":true,"sounds":[]},"block.coral_block.place":{"replace":true,"sounds":[]},"block.coral_block.step":{"replace":true,"sounds":[]},"block.crafter.craft":{"replace":true,"sounds":[]},"block.crafter.fail":{"replace":true,"sounds":[]},"block.creaking_heart.break":{"replace":true,"sounds":[]},"block.creaking_heart.fall":{"replace":true,"sounds":[]},"block.creaking_heart.hit":{"replace":true,"sounds":[]},"block.creaking_heart.hurt":{"replace":true,"sounds":[]},"block.creaking_heart.idle":{"replace":true,"sounds":[]},"block.creaking_heart.place":{"replace":true,"sounds":[]},"block.creaking_heart.spawn":{"replace":true,"sounds":[]},"block.creaking_heart.step":{"replace":true,"sounds":[]},"block.crop.break":{"replace":true,"sounds":[]},"block.deadbush.idle":{"replace":true,"sounds":[]},"block.decorated_pot.break":{"replace":true,"sounds":[]},"block.decorated_pot.fall":{"replace":true,"sounds":[]},"block.decorated_pot.hit":{"replace":true,"sounds":[]},"block.decorated_pot.insert":{"replace":true,"sounds":[]},"block.decorated_pot.insert_fail":{"replace":true,"sounds":[]},"block.decorated_pot.place":{"replace":true,"sounds":[]},"block.decorated_pot.shatter":{"replace":true,"sounds":[]},"block.decorated_pot.step":{"replace":true,"sounds":[]},"block.deepslate.break":{"replace":true,"sounds":[]},"block.deepslate.fall":{"replace":true,"sounds":[]},"block.deepslate.hit":{"replace":true,"sounds":[]},"block.deepslate.place":{"replace":true,"sounds":[]},"block.deepslate.step":{"replace":true,"sounds":[]},"block.deepslate_bricks.break":{"replace":true,"sounds":[]},"block.deepslate_bricks.fall":{"replace":true,"sounds":[]},"block.deepslate_bricks.hit":{"replace":true,"sounds":[]},"block.deepslate_bricks.place":{"replace":true,"sounds":[]},"block.deepslate_bricks.step":{"replace":true,"sounds":[]},"block.deepslate_tiles.break":{"replace":true,"sounds":[]},"block.deepslate_tiles.fall":{"replace":true,"sounds":[]},"block.deepslate_tiles.hit":{"replace":true,"sounds":[]},"block.deepslate_tiles.place":{"replace":true,"sounds":[]},"block.deepslate_tiles.step":{"replace":true,"sounds":[]},"block.dispenser.dispense":{"replace":true,"sounds":[]},"block.dispenser.fail":{"replace":true,"sounds":[]},"block.dispenser.launch":{"replace":true,"sounds":[]},"block.dried_ghast.ambient":{"replace":true,"sounds":[]},"block.dried_ghast.ambient_water":{"replace":true,"sounds":[]},"block.dried_ghast.break":{"replace":true,"sounds":[]},"block.dried_ghast.fall":{"replace":true,"sounds":[]},"block.dried_ghast.place":{"replace":true,"sounds":[]},"block.dried_ghast.place_in_water":{"replace":true,"sounds":[]},"block.dried_ghast.step":{"replace":true,"sounds":[]},"block.dried_ghast.transition":{"replace":true,"sounds":[]},"block.dripstone_block.break":{"replace":true,"sounds":[]},"block.dripstone_block.fall":{"replace":true,"sounds":[]},"block.dripstone_block.hit":{"replace":true,"sounds":[]},"block.dripstone_block.place":{"replace":true,"sounds":[]},"block.dripstone_block.step":{"replace":true,"sounds":[]},"block.dry_grass.ambient":{"replace":true,"sounds":[]},"block.enchantment_table.use":{"replace":true,"sounds":[]},"block.end_gateway.spawn":{"replace":true,"sounds":[]},"block.end_portal.spawn":{"replace":true,"sounds":[]},"block.end_portal_frame.fill":{"replace":true,"sounds":[]},"block.ender_chest.close":{"replace":true,"sounds":[]},"block.ender_chest.open":{"replace":true,"sounds":[]},"block.eyeblossom.close":{"replace":true,"sounds":[]},"block.eyeblossom.close_long":{"replace":true,"sounds":[]},"block.eyeblossom.idle":{"replace":true,"sounds":[]},"block.eyeblossom.open":{"replace":true,"sounds":[]},"block.eyeblossom.open_long":{"replace":true,"sounds":[]},"block.fence_gate.close":{"replace":true,"sounds":[]},"block.fence_gate.open":{"replace":true,"sounds":[]},"block.fire.ambient":{"replace":true,"sounds":[]},"block.fire.extinguish":{"replace":true,"sounds":[]},"block.firefly_bush.idle":{"replace":true,"sounds":[]},"block.flowering_azalea.break":{"replace":true,"sounds":[]},"block.flowering_azalea.fall":{"replace":true,"sounds":[]},"block.flowering_azalea.hit":{"replace":true,"sounds":[]},"block.flowering_azalea.place":{"replace":true,"sounds":[]},"block.flowering_azalea.step":{"replace":true,"sounds":[]},"block.froglight.break":{"replace":true,"sounds":[]},"block.froglight.fall":{"replace":true,"sounds":[]},"block.froglight.hit":{"replace":true,"sounds":[]},"block.froglight.place":{"replace":true,"sounds":[]},"block.froglight.step":{"replace":true,"sounds":[]},"block.frogspawn.break":{"replace":true,"sounds":[]},"block.frogspawn.fall":{"replace":true,"sounds":[]},"block.frogspawn.hatch":{"replace":true,"sounds":[]},"block.frogspawn.hit":{"replace":true,"sounds":[]},"block.frogspawn.place":{"replace":true,"sounds":[]},"block.frogspawn.step":{"replace":true,"sounds":[]},"block.fungus.break":{"replace":true,"sounds":[]},"block.fungus.fall":{"replace":true,"sounds":[]},"block.fungus.hit":{"replace":true,"sounds":[]},"block.fungus.place":{"replace":true,"sounds":[]},"block.fungus.step":{"replace":true,"sounds":[]},"block.furnace.fire_crackle":{"replace":true,"sounds":[]},"block.gilded_blackstone.break":{"replace":true,"sounds":[]},"block.gilded_blackstone.fall":{"replace":true,"sounds":[]},"block.gilded_blackstone.hit":{"replace":true,"sounds":[]},"block.gilded_blackstone.place":{"replace":true,"sounds":[]},"block.gilded_blackstone.step":{"replace":true,"sounds":[]},"block.glass.break":{"replace":true,"sounds":[]},"block.glass.fall":{"replace":true,"sounds":[]},"block.glass.hit":{"replace":true,"sounds":[]},"block.glass.place":{"replace":true,"sounds":[]},"block.glass.step":{"replace":true,"sounds":[]},"block.grass.break":{"replace":true,"sounds":[]},"block.grass.fall":{"replace":true,"sounds":[]},"block.grass.hit":{"replace":true,"sounds":[]},"block.grass.place":{"replace":true,"sounds":[]},"block.grass.step":{"replace":true,"sounds":[]},"block.gravel.break":{"replace":true,"sounds":[]},"block.gravel.fall":{"replace":true,"sounds":[]},"block.gravel.hit":{"replace":true,"sounds":[]},"block.gravel.place":{"replace":true,"sounds":[]},"block.gravel.step":{"replace":true,"sounds":[]},"block.grindstone.use":{"replace":true,"sounds":[]},"block.growing_plant.crop":{"replace":true,"sounds":[]},"block.hanging_roots.break":{"replace":true,"sounds":[]},"block.hanging_roots.fall":{"replace":true,"sounds":[]},"block.hanging_roots.hit":{"replace":true,"sounds":[]},"block.hanging_roots.place":{"replace":true,"sounds":[]},"block.hanging_roots.step":{"replace":true,"sounds":[]},"block.hanging_sign.break":{"replace":true,"sounds":[]},"block.hanging_sign.fall":{"replace":true,"sounds":[]},"block.hanging_sign.hit":{"replace":true,"sounds":[]},"block.hanging_sign.place":{"replace":true,"sounds":[]},"block.hanging_sign.step":{"replace":true,"sounds":[]},"block.hanging_sign.waxed_interact_fail":{"replace":true,"sounds":[]},"block.heavy_core.break":{"replace":true,"sounds":[]},"block.heavy_core.fall":{"replace":true,"sounds":[]},"block.heavy_core.hit":{"replace":true,"sounds":[]},"block.heavy_core.place":{"replace":true,"sounds":[]},"block.heavy_core.step":{"replace":true,"sounds":[]},"block.honey_block.break":{"replace":true,"sounds":[]},"block.honey_block.fall":{"replace":true,"sounds":[]},"block.honey_block.hit":{"replace":true,"sounds":[]},"block.honey_block.place":{"replace":true,"sounds":[]},"block.honey_block.slide":{"replace":true,"sounds":[]},"block.honey_block.step":{"replace":true,"sounds":[]},"block.iron.break":{"replace":true,"sounds":[]},"block.iron.fall":{"replace":true,"sounds":[]},"block.iron.hit":{"replace":true,"sounds":[]},"block.iron.place":{"replace":true,"sounds":[]},"block.iron.step":{"replace":true,"sounds":[]},"block.iron_door.close":{"replace":true,"sounds":[]},"block.iron_door.open":{"replace":true,"sounds":[]},"block.iron_trapdoor.close":{"replace":true,"sounds":[]},"block.iron_trapdoor.open":{"replace":true,"sounds":[]},"block.ladder.break":{"replace":true,"sounds":[]},"block.ladder.fall":{"replace":true,"sounds":[]},"block.ladder.hit":{"replace":true,"sounds":[]},"block.ladder.place":{"replace":true,"sounds":[]},"block.ladder.step":{"replace":true,"sounds":[]},"block.lantern.break":{"replace":true,"sounds":[]},"block.lantern.fall":{"replace":true,"sounds":[]},"block.lantern.hit":{"replace":true,"sounds":[]},"block.lantern.place":{"replace":true,"sounds":[]},"block.lantern.step":{"replace":true,"sounds":[]},"block.large_amethyst_bud.break":{"replace":true,"sounds":[]},"block.large_amethyst_bud.place":{"replace":true,"sounds":[]},"block.lava.ambient":{"replace":true,"sounds":[]},"block.lava.extinguish":{"replace":true,"sounds":[]},"block.lava.pop":{"replace":true,"sounds":[]},"block.leaf_litter.break":{"replace":true,"sounds":[]},"block.leaf_litter.fall":{"replace":true,"sounds":[]},"block.leaf_litter.hit":{"replace":true,"sounds":[]},"block.leaf_litter.place":{"replace":true,"sounds":[]},"block.leaf_litter.step":{"replace":true,"sounds":[]},"block.lever.click":{"replace":true,"sounds":[]},"block.lily_pad.place":{"replace":true,"sounds":[]},"block.lodestone.break":{"replace":true,"sounds":[]},"block.lodestone.fall":{"replace":true,"sounds":[]},"block.lodestone.hit":{"replace":true,"sounds":[]},"block.lodestone.place":{"replace":true,"sounds":[]},"block.lodestone.step":{"replace":true,"sounds":[]},"block.mangrove_roots.break":{"replace":true,"sounds":[]},"block.mangrove_roots.fall":{"replace":true,"sounds":[]},"block.mangrove_roots.hit":{"replace":true,"sounds":[]},"block.mangrove_roots.place":{"replace":true,"sounds":[]},"block.mangrove_roots.step":{"replace":true,"sounds":[]},"block.medium_amethyst_bud.break":{"replace":true,"sounds":[]},"block.medium_amethyst_bud.place":{"replace":true,"sounds":[]},"block.metal.break":{"replace":true,"sounds":[]},"block.metal.fall":{"replace":true,"sounds":[]},"block.metal.hit":{"replace":true,"sounds":[]},"block.metal.place":{"replace":true,"sounds":[]},"block.metal.step":{"replace":true,"sounds":[]},"block.metal_pressure_plate.click_off":{"replace":true,"sounds":[]},"block.metal_pressure_plate.click_on":{"replace":true,"sounds":[]},"block.moss.break":{"replace":true,"sounds":[]},"block.moss.fall":{"replace":true,"sounds":[]},"block.moss.hit":{"replace":true,"sounds":[]},"block.moss.place":{"replace":true,"sounds":[]},"block.moss.step":{"replace":true,"sounds":[]},"block.moss_carpet.break":{"replace":true,"sounds":[]},"block.moss_carpet.fall":{"replace":true,"sounds":[]},"block.moss_carpet.hit":{"replace":true,"sounds":[]},"block.moss_carpet.place":{"replace":true,"sounds":[]},"block.moss_carpet.step":{"replace":true,"sounds":[]},"block.mud.break":{"replace":true,"sounds":[]},"block.mud.fall":{"replace":true,"sounds":[]},"block.mud.hit":{"replace":true,"sounds":[]},"block.mud.place":{"replace":true,"sounds":[]},"block.mud.step":{"replace":true,"sounds":[]},"block.mud_bricks.break":{"replace":true,"sounds":[]},"block.mud_bricks.fall":{"replace":true,"sounds":[]},"block.mud_bricks.hit":{"replace":true,"sounds":[]},"block.mud_bricks.place":{"replace":true,"sounds":[]},"block.mud_bricks.step":{"replace":true,"sounds":[]},"block.muddy_mangrove_roots.break":{"replace":true,"sounds":[]},"block.muddy_mangrove_roots.fall":{"replace":true,"sounds":[]},"block.muddy_mangrove_roots.hit":{"replace":true,"sounds":[]},"block.muddy_mangrove_roots.place":{"replace":true,"sounds":[]},"block.muddy_mangrove_roots.step":{"replace":true,"sounds":[]},"block.nether_bricks.break":{"replace":true,"sounds":[]},"block.nether_bricks.fall":{"replace":true,"sounds":[]},"block.nether_bricks.hit":{"replace":true,"sounds":[]},"block.nether_bricks.place":{"replace":true,"sounds":[]},"block.nether_bricks.step":{"replace":true,"sounds":[]},"block.nether_gold_ore.break":{"replace":true,"sounds":[]},"block.nether_gold_ore.fall":{"replace":true,"sounds":[]},"block.nether_gold_ore.hit":{"replace":true,"sounds":[]},"block.nether_gold_ore.place":{"replace":true,"sounds":[]},"block.nether_gold_ore.step":{"replace":true,"sounds":[]},"block.nether_ore.break":{"replace":true,"sounds":[]},"block.nether_ore.fall":{"replace":true,"sounds":[]},"block.nether_ore.hit":{"replace":true,"sounds":[]},"block.nether_ore.place":{"replace":true,"sounds":[]},"block.nether_ore.step":{"replace":true,"sounds":[]},"block.nether_sprouts.break":{"replace":true,"sounds":[]},"block.nether_sprouts.fall":{"replace":true,"sounds":[]},"block.nether_sprouts.hit":{"replace":true,"sounds":[]},"block.nether_sprouts.place":{"replace":true,"sounds":[]},"block.nether_sprouts.step":{"replace":true,"sounds":[]},"block.nether_wart.break":{"replace":true,"sounds":[]},"block.nether_wood.break":{"replace":true,"sounds":[]},"block.nether_wood.fall":{"replace":true,"sounds":[]},"block.nether_wood.hit":{"replace":true,"sounds":[]},"block.nether_wood.place":{"replace":true,"sounds":[]},"block.nether_wood.step":{"replace":true,"sounds":[]},"block.nether_wood_button.click_off":{"replace":true,"sounds":[]},"block.nether_wood_button.click_on":{"replace":true,"sounds":[]},"block.nether_wood_door.close":{"replace":true,"sounds":[]},"block.nether_wood_door.open":{"replace":true,"sounds":[]},"block.nether_wood_fence_gate.close":{"replace":true,"sounds":[]},"block.nether_wood_fence_gate.open":{"replace":true,"sounds":[]},"block.nether_wood_hanging_sign.break":{"replace":true,"sounds":[]},"block.nether_wood_hanging_sign.fall":{"replace":true,"sounds":[]},"block.nether_wood_hanging_sign.hit":{"replace":true,"sounds":[]},"block.nether_wood_hanging_sign.place":{"replace":true,"sounds":[]},"block.nether_wood_hanging_sign.step":{"replace":true,"sounds":[]},"block.nether_wood_pressure_plate.click_off":{"replace":true,"sounds":[]},"block.nether_wood_pressure_plate.click_on":{"replace":true,"sounds":[]},"block.nether_wood_trapdoor.close":{"replace":true,"sounds":[]},"block.nether_wood_trapdoor.open":{"replace":true,"sounds":[]},"block.netherite_block.break":{"replace":true,"sounds":[]},"block.netherite_block.fall":{"replace":true,"sounds":[]},"block.netherite_block.hit":{"replace":true,"sounds":[]},"block.netherite_block.place":{"replace":true,"sounds":[]},"block.netherite_block.step":{"replace":true,"sounds":[]},"block.netherrack.break":{"replace":true,"sounds":[]},"block.netherrack.fall":{"replace":true,"sounds":[]},"block.netherrack.hit":{"replace":true,"sounds":[]},"block.netherrack.place":{"replace":true,"sounds":[]},"block.netherrack.step":{"replace":true,"sounds":[]},"block.note_block.banjo":{"replace":true,"sounds":[]},"block.note_block.basedrum":{"replace":true,"sounds":[]},"block.note_block.bass":{"replace":true,"sounds":[]},"block.note_block.bell":{"replace":true,"sounds":[]},"block.note_block.bit":{"replace":true,"sounds":[]},"block.note_block.chime":{"replace":true,"sounds":[]},"block.note_block.cow_bell":{"replace":true,"sounds":[]},"block.note_block.didgeridoo":{"replace":true,"sounds":[]},"block.note_block.flute":{"replace":true,"sounds":[]},"block.note_block.guitar":{"replace":true,"sounds":[]},"block.note_block.harp":{"replace":true,"sounds":[]},"block.note_block.hat":{"replace":true,"sounds":[]},"block.note_block.imitate.creeper":{"replace":true,"sounds":[]},"block.note_block.imitate.ender_dragon":{"replace":true,"sounds":[]},"block.note_block.imitate.piglin":{"replace":true,"sounds":[]},"block.note_block.imitate.skeleton":{"replace":true,"sounds":[]},"block.note_block.imitate.wither_skeleton":{"replace":true,"sounds":[]},"block.note_block.imitate.zombie":{"replace":true,"sounds":[]},"block.note_block.iron_xylophone":{"replace":true,"sounds":[]},"block.note_block.pling":{"replace":true,"sounds":[]},"block.note_block.snare":{"replace":true,"sounds":[]},"block.note_block.xylophone":{"replace":true,"sounds":[]},"block.nylium.break":{"replace":true,"sounds":[]},"block.nylium.fall":{"replace":true,"sounds":[]},"block.nylium.hit":{"replace":true,"sounds":[]},"block.nylium.place":{"replace":true,"sounds":[]},"block.nylium.step":{"replace":true,"sounds":[]},"block.packed_mud.break":{"replace":true,"sounds":[]},"block.packed_mud.fall":{"replace":true,"sounds":[]},"block.packed_mud.hit":{"replace":true,"sounds":[]},"block.packed_mud.place":{"replace":true,"sounds":[]},"block.packed_mud.step":{"replace":true,"sounds":[]},"block.pale_hanging_moss.idle":{"replace":true,"sounds":[]},"block.pink_petals.break":{"replace":true,"sounds":[]},"block.pink_petals.fall":{"replace":true,"sounds":[]},"block.pink_petals.hit":{"replace":true,"sounds":[]},"block.pink_petals.place":{"replace":true,"sounds":[]},"block.pink_petals.step":{"replace":true,"sounds":[]},"block.piston.contract":{"replace":true,"sounds":[]},"block.piston.extend":{"replace":true,"sounds":[]},"block.pointed_dripstone.break":{"replace":true,"sounds":[]},"block.pointed_dripstone.drip_lava":{"replace":true,"sounds":[]},"block.pointed_dripstone.drip_lava_into_cauldron":{"replace":true,"sounds":[]},"block.pointed_dripstone.drip_water":{"replace":true,"sounds":[]},"block.pointed_dripstone.drip_water_into_cauldron":{"replace":true,"sounds":[]},"block.pointed_dripstone.fall":{"replace":true,"sounds":[]},"block.pointed_dripstone.hit":{"replace":true,"sounds":[]},"block.pointed_dripstone.land":{"replace":true,"sounds":[]},"block.pointed_dripstone.place":{"replace":true,"sounds":[]},"block.pointed_dripstone.step":{"replace":true,"sounds":[]},"block.polished_deepslate.break":{"replace":true,"sounds":[]},"block.polished_deepslate.fall":{"replace":true,"sounds":[]},"block.polished_deepslate.hit":{"replace":true,"sounds":[]},"block.polished_deepslate.place":{"replace":true,"sounds":[]},"block.polished_deepslate.step":{"replace":true,"sounds":[]},"block.polished_tuff.break":{"replace":true,"sounds":[]},"block.polished_tuff.fall":{"replace":true,"sounds":[]},"block.polished_tuff.hit":{"replace":true,"sounds":[]},"block.polished_tuff.place":{"replace":true,"sounds":[]},"block.polished_tuff.step":{"replace":true,"sounds":[]},"block.portal.ambient":{"replace":true,"sounds":[]},"block.portal.travel":{"replace":true,"sounds":[]},"block.portal.trigger":{"replace":true,"sounds":[]},"block.powder_snow.break":{"replace":true,"sounds":[]},"block.powder_snow.fall":{"replace":true,"sounds":[]},"block.powder_snow.hit":{"replace":true,"sounds":[]},"block.powder_snow.place":{"replace":true,"sounds":[]},"block.powder_snow.step":{"replace":true,"sounds":[]},"block.pumpkin.carve":{"replace":true,"sounds":[]},"block.redstone_torch.burnout":{"replace":true,"sounds":[]},"block.resin.break":{"replace":true,"sounds":[]},"block.resin.fall":{"replace":true,"sounds":[]},"block.resin.place":{"replace":true,"sounds":[]},"block.resin.step":{"replace":true,"sounds":[]},"block.resin_bricks.break":{"replace":true,"sounds":[]},"block.resin_bricks.fall":{"replace":true,"sounds":[]},"block.resin_bricks.hit":{"replace":true,"sounds":[]},"block.resin_bricks.place":{"replace":true,"sounds":[]},"block.resin_bricks.step":{"replace":true,"sounds":[]},"block.respawn_anchor.ambient":{"replace":true,"sounds":[]},"block.respawn_anchor.charge":{"replace":true,"sounds":[]},"block.respawn_anchor.deplete":{"replace":true,"sounds":[]},"block.respawn_anchor.set_spawn":{"replace":true,"sounds":[]},"block.rooted_dirt.break":{"replace":true,"sounds":[]},"block.rooted_dirt.fall":{"replace":true,"sounds":[]},"block.rooted_dirt.hit":{"replace":true,"sounds":[]},"block.rooted_dirt.place":{"replace":true,"sounds":[]},"block.rooted_dirt.step":{"replace":true,"sounds":[]},"block.roots.break":{"replace":true,"sounds":[]},"block.roots.fall":{"replace":true,"sounds":[]},"block.roots.hit":{"replace":true,"sounds":[]},"block.roots.place":{"replace":true,"sounds":[]},"block.roots.step":{"replace":true,"sounds":[]},"block.sand.break":{"replace":true,"sounds":[]},"block.sand.fall":{"replace":true,"sounds":[]},"block.sand.hit":{"replace":true,"sounds":[]},"block.sand.idle":{"replace":true,"sounds":[]},"block.sand.place":{"replace":true,"sounds":[]},"block.sand.step":{"replace":true,"sounds":[]},"block.scaffolding.break":{"replace":true,"sounds":[]},"block.scaffolding.fall":{"replace":true,"sounds":[]},"block.scaffolding.hit":{"replace":true,"sounds":[]},"block.scaffolding.place":{"replace":true,"sounds":[]},"block.scaffolding.step":{"replace":true,"sounds":[]},"block.sculk.break":{"replace":true,"sounds":[]},"block.sculk.charge":{"replace":true,"sounds":[]},"block.sculk.fall":{"replace":true,"sounds":[]},"block.sculk.hit":{"replace":true,"sounds":[]},"block.sculk.place":{"replace":true,"sounds":[]},"block.sculk.spread":{"replace":true,"sounds":[]},"block.sculk.step":{"replace":true,"sounds":[]},"block.sculk_catalyst.bloom":{"replace":true,"sounds":[]},"block.sculk_catalyst.break":{"replace":true,"sounds":[]},"block.sculk_catalyst.fall":{"replace":true,"sounds":[]},"block.sculk_catalyst.hit":{"replace":true,"sounds":[]},"block.sculk_catalyst.place":{"replace":true,"sounds":[]},"block.sculk_catalyst.step":{"replace":true,"sounds":[]},"block.sculk_sensor.break":{"replace":true,"sounds":[]},"block.sculk_sensor.clicking":{"replace":true,"sounds":[]},"block.sculk_sensor.clicking_stop":{"replace":true,"sounds":[]},"block.sculk_sensor.fall":{"replace":true,"sounds":[]},"block.sculk_sensor.hit":{"replace":true,"sounds":[]},"block.sculk_sensor.place":{"replace":true,"sounds":[]},"block.sculk_sensor.step":{"replace":true,"sounds":[]},"block.sculk_shrieker.break":{"replace":true,"sounds":[]},"block.sculk_shrieker.fall":{"replace":true,"sounds":[]},"block.sculk_shrieker.hit":{"replace":true,"sounds":[]},"block.sculk_shrieker.place":{"replace":true,"sounds":[]},"block.sculk_shrieker.shriek":{"replace":true,"sounds":[]},"block.sculk_shrieker.step":{"replace":true,"sounds":[]},"block.sculk_vein.break":{"replace":true,"sounds":[]},"block.sculk_vein.fall":{"replace":true,"sounds":[]},"block.sculk_vein.hit":{"replace":true,"sounds":[]},"block.sculk_vein.place":{"replace":true,"sounds":[]},"block.sculk_vein.step":{"replace":true,"sounds":[]},"block.shroomlight.break":{"replace":true,"sounds":[]},"block.shroomlight.fall":{"replace":true,"sounds":[]},"block.shroomlight.hit":{"replace":true,"sounds":[]},"block.shroomlight.place":{"replace":true,"sounds":[]},"block.shroomlight.step":{"replace":true,"sounds":[]},"block.shulker_box.close":{"replace":true,"sounds":[]},"block.shulker_box.open":{"replace":true,"sounds":[]},"block.sign.waxed_interact_fail":{"replace":true,"sounds":[]},"block.slime_block.break":{"replace":true,"sounds":[]},"block.slime_block.fall":{"replace":true,"sounds":[]},"block.slime_block.hit":{"replace":true,"sounds":[]},"block.slime_block.place":{"replace":true,"sounds":[]},"block.slime_block.step":{"replace":true,"sounds":[]},"block.small_amethyst_bud.break":{"replace":true,"sounds":[]},"block.small_amethyst_bud.place":{"replace":true,"sounds":[]},"block.small_dripleaf.break":{"replace":true,"sounds":[]},"block.small_dripleaf.fall":{"replace":true,"sounds":[]},"block.small_dripleaf.hit":{"replace":true,"sounds":[]},"block.small_dripleaf.place":{"replace":true,"sounds":[]},"block.small_dripleaf.step":{"replace":true,"sounds":[]},"block.smithing_table.use":{"replace":true,"sounds":[]},"block.smoker.smoke":{"replace":true,"sounds":[]},"block.sniffer_egg.crack":{"replace":true,"sounds":[]},"block.sniffer_egg.hatch":{"replace":true,"sounds":[]},"block.sniffer_egg.plop":{"replace":true,"sounds":[]},"block.snow.break":{"replace":true,"sounds":[]},"block.snow.fall":{"replace":true,"sounds":[]},"block.snow.hit":{"replace":true,"sounds":[]},"block.snow.place":{"replace":true,"sounds":[]},"block.snow.step":{"replace":true,"sounds":[]},"block.soul_sand.break":{"replace":true,"sounds":[]},"block.soul_sand.fall":{"replace":true,"sounds":[]},"block.soul_sand.hit":{"replace":true,"sounds":[]},"block.soul_sand.place":{"replace":true,"sounds":[]},"block.soul_sand.step":{"replace":true,"sounds":[]},"block.soul_soil.break":{"replace":true,"sounds":[]},"block.soul_soil.fall":{"replace":true,"sounds":[]},"block.soul_soil.hit":{"replace":true,"sounds":[]},"block.soul_soil.place":{"replace":true,"sounds":[]},"block.soul_soil.step":{"replace":true,"sounds":[]},"block.spawner.break":{"replace":true,"sounds":[]},"block.spawner.fall":{"replace":true,"sounds":[]},"block.spawner.hit":{"replace":true,"sounds":[]},"block.spawner.place":{"replace":true,"sounds":[]},"block.spawner.step":{"replace":true,"sounds":[]},"block.sponge.absorb":{"replace":true,"sounds":[]},"block.sponge.break":{"replace":true,"sounds":[]},"block.sponge.fall":{"replace":true,"sounds":[]},"block.sponge.hit":{"replace":true,"sounds":[]},"block.sponge.place":{"replace":true,"sounds":[]},"block.sponge.step":{"replace":true,"sounds":[]},"block.spore_blossom.break":{"replace":true,"sounds":[]},"block.spore_blossom.fall":{"replace":true,"sounds":[]},"block.spore_blossom.hit":{"replace":true,"sounds":[]},"block.spore_blossom.place":{"replace":true,"sounds":[]},"block.spore_blossom.step":{"replace":true,"sounds":[]},"block.stem.break":{"replace":true,"sounds":[]},"block.stem.fall":{"replace":true,"sounds":[]},"block.stem.hit":{"replace":true,"sounds":[]},"block.stem.place":{"replace":true,"sounds":[]},"block.stem.step":{"replace":true,"sounds":[]},"block.stone.break":{"replace":true,"sounds":[]},"block.stone.fall":{"replace":true,"sounds":[]},"block.stone.hit":{"replace":true,"sounds":[]},"block.stone.place":{"replace":true,"sounds":[]},"block.stone.step":{"replace":true,"sounds":[]},"block.stone_button.click_off":{"replace":true,"sounds":[]},"block.stone_button.click_on":{"replace":true,"sounds":[]},"block.stone_pressure_plate.click_off":{"replace":true,"sounds":[]},"block.stone_pressure_plate.click_on":{"replace":true,"sounds":[]},"block.suspicious_gravel.break":{"replace":true,"sounds":[]},"block.suspicious_gravel.fall":{"replace":true,"sounds":[]},"block.suspicious_gravel.hit":{"replace":true,"sounds":[]},"block.suspicious_gravel.place":{"replace":true,"sounds":[]},"block.suspicious_gravel.step":{"replace":true,"sounds":[]},"block.suspicious_sand.break":{"replace":true,"sounds":[]},"block.suspicious_sand.fall":{"replace":true,"sounds":[]},"block.suspicious_sand.hit":{"replace":true,"sounds":[]},"block.suspicious_sand.place":{"replace":true,"sounds":[]},"block.suspicious_sand.step":{"replace":true,"sounds":[]},"block.sweet_berry_bush.break":{"replace":true,"sounds":[]},"block.sweet_berry_bush.pick_berries":{"replace":true,"sounds":[]},"block.sweet_berry_bush.place":{"replace":true,"sounds":[]},"block.trial_spawner.about_to_spawn_item":{"replace":true,"sounds":[]},"block.trial_spawner.ambient":{"replace":true,"sounds":[]},"block.trial_spawner.ambient_ominous":{"replace":true,"sounds":[]},"block.trial_spawner.break":{"replace":true,"sounds":[]},"block.trial_spawner.close_shutter":{"replace":true,"sounds":[]},"block.trial_spawner.detect_player":{"replace":true,"sounds":[]},"block.trial_spawner.eject_item":{"replace":true,"sounds":[]},"block.trial_spawner.fall":{"replace":true,"sounds":[]},"block.trial_spawner.hit":{"replace":true,"sounds":[]},"block.trial_spawner.ominous_activate":{"replace":true,"sounds":[]},"block.trial_spawner.open_shutter":{"replace":true,"sounds":[]},"block.trial_spawner.place":{"replace":true,"sounds":[]},"block.trial_spawner.spawn_item":{"replace":true,"sounds":[]},"block.trial_spawner.spawn_item_begin":{"replace":true,"sounds":[]},"block.trial_spawner.spawn_mob":{"replace":true,"sounds":[]},"block.trial_spawner.step":{"replace":true,"sounds":[]},"block.tripwire.attach":{"replace":true,"sounds":[]},"block.tripwire.click_off":{"replace":true,"sounds":[]},"block.tripwire.click_on":{"replace":true,"sounds":[]},"block.tripwire.detach":{"replace":true,"sounds":[]},"block.tuff.break":{"replace":true,"sounds":[]},"block.tuff.fall":{"replace":true,"sounds":[]},"block.tuff.hit":{"replace":true,"sounds":[]},"block.tuff.place":{"replace":true,"sounds":[]},"block.tuff.step":{"replace":true,"sounds":[]},"block.tuff_bricks.break":{"replace":true,"sounds":[]},"block.tuff_bricks.fall":{"replace":true,"sounds":[]},"block.tuff_bricks.hit":{"replace":true,"sounds":[]},"block.tuff_bricks.place":{"replace":true,"sounds":[]},"block.tuff_bricks.step":{"replace":true,"sounds":[]},"block.vault.activate":{"replace":true,"sounds":[]},"block.vault.ambient":{"replace":true,"sounds":[]},"block.vault.break":{"replace":true,"sounds":[]},"block.vault.close_shutter":{"replace":true,"sounds":[]},"block.vault.deactivate":{"replace":true,"sounds":[]},"block.vault.eject_item":{"replace":true,"sounds":[]},"block.vault.fall":{"replace":true,"sounds":[]},"block.vault.hit":{"replace":true,"sounds":[]},"block.vault.insert_item":{"replace":true,"sounds":[]},"block.vault.insert_item_fail":{"replace":true,"sounds":[]},"block.vault.open_shutter":{"replace":true,"sounds":[]},"block.vault.place":{"replace":true,"sounds":[]},"block.vault.reject_rewarded_player":{"replace":true,"sounds":[]},"block.vault.step":{"replace":true,"sounds":[]},"block.vine.break":{"replace":true,"sounds":[]},"block.vine.fall":{"replace":true,"sounds":[]},"block.vine.hit":{"replace":true,"sounds":[]},"block.vine.place":{"replace":true,"sounds":[]},"block.vine.step":{"replace":true,"sounds":[]},"block.wart_block.break":{"replace":true,"sounds":[]},"block.wart_block.fall":{"replace":true,"sounds":[]},"block.wart_block.hit":{"replace":true,"sounds":[]},"block.wart_block.place":{"replace":true,"sounds":[]},"block.wart_block.step":{"replace":true,"sounds":[]},"block.water.ambient":{"replace":true,"sounds":[]},"block.weeping_vines.break":{"replace":true,"sounds":[]},"block.weeping_vines.fall":{"replace":true,"sounds":[]},"block.weeping_vines.hit":{"replace":true,"sounds":[]},"block.weeping_vines.place":{"replace":true,"sounds":[]},"block.weeping_vines.step":{"replace":true,"sounds":[]},"block.wet_grass.break":{"replace":true,"sounds":[]},"block.wet_grass.fall":{"replace":true,"sounds":[]},"block.wet_grass.hit":{"replace":true,"sounds":[]},"block.wet_grass.place":{"replace":true,"sounds":[]},"block.wet_grass.step":{"replace":true,"sounds":[]},"block.wet_sponge.break":{"replace":true,"sounds":[]},"block.wet_sponge.dries":{"replace":true,"sounds":[]},"block.wet_sponge.fall":{"replace":true,"sounds":[]},"block.wet_sponge.hit":{"replace":true,"sounds":[]},"block.wet_sponge.place":{"replace":true,"sounds":[]},"block.wet_sponge.step":{"replace":true,"sounds":[]},"block.wood.break":{"replace":true,"sounds":[]},"block.wood.fall":{"replace":true,"sounds":[]},"block.wood.hit":{"replace":true,"sounds":[]},"block.wood.place":{"replace":true,"sounds":[]},"block.wood.step":{"replace":true,"sounds":[]},"block.wooden_button.click_off":{"replace":true,"sounds":[]},"block.wooden_button.click_on":{"replace":true,"sounds":[]},"block.wooden_door.close":{"replace":true,"sounds":[]},"block.wooden_door.open":{"replace":true,"sounds":[]},"block.wooden_pressure_plate.click_off":{"replace":true,"sounds":[]},"block.wooden_pressure_plate.click_on":{"replace":true,"sounds":[]},"block.wooden_trapdoor.close":{"replace":true,"sounds":[]},"block.wooden_trapdoor.open":{"replace":true,"sounds":[]},"block.wool.break":{"replace":true,"sounds":[]},"block.wool.fall":{"replace":true,"sounds":[]},"block.wool.hit":{"replace":true,"sounds":[]},"block.wool.place":{"replace":true,"sounds":[]},"block.wool.step":{"replace":true,"sounds":[]},"enchant.thorns.hit":{"replace":true,"sounds":[]},"entity.allay.ambient_with_item":{"replace":true,"sounds":[]},"entity.allay.ambient_without_item":{"replace":true,"sounds":[]},"entity.allay.death":{"replace":true,"sounds":[]},"entity.allay.hurt":{"replace":true,"sounds":[]},"entity.allay.item_given":{"replace":true,"sounds":[]},"entity.allay.item_taken":{"replace":true,"sounds":[]},"entity.allay.item_thrown":{"replace":true,"sounds":[]},"entity.armadillo.ambient":{"replace":true,"sounds":[]},"entity.armadillo.brush":{"replace":true,"sounds":[]},"entity.armadillo.death":{"replace":true,"sounds":[]},"entity.armadillo.eat":{"replace":true,"sounds":[]},"entity.armadillo.hurt":{"replace":true,"sounds":[]},"entity.armadillo.hurt_reduced":{"replace":true,"sounds":[]},"entity.armadillo.land":{"replace":true,"sounds":[]},"entity.armadillo.peek":{"replace":true,"sounds":[]},"entity.armadillo.roll":{"replace":true,"sounds":[]},"entity.armadillo.scute_drop":{"replace":true,"sounds":[]},"entity.armadillo.step":{"replace":true,"sounds":[]},"entity.armadillo.unroll_finish":{"replace":true,"sounds":[]},"entity.armadillo.unroll_start":{"replace":true,"sounds":[]},"entity.armor_stand.break":{"replace":true,"sounds":[]},"entity.armor_stand.fall":{"replace":true,"sounds":[]},"entity.armor_stand.hit":{"replace":true,"sounds":[]},"entity.armor_stand.place":{"replace":true,"sounds":[]},"entity.arrow.hit":{"replace":true,"sounds":[]},"entity.arrow.hit_player":{"replace":true,"sounds":[]},"entity.arrow.shoot":{"replace":true,"sounds":[]},"entity.axolotl.attack":{"replace":true,"sounds":[]},"entity.axolotl.death":{"replace":true,"sounds":[]},"entity.axolotl.hurt":{"replace":true,"sounds":[]},"entity.axolotl.idle_air":{"replace":true,"sounds":[]},"entity.axolotl.idle_water":{"replace":true,"sounds":[]},"entity.axolotl.splash":{"replace":true,"sounds":[]},"entity.axolotl.swim":{"replace":true,"sounds":[]},"entity.bat.ambient":{"replace":true,"sounds":[]},"entity.bat.death":{"replace":true,"sounds":[]},"entity.bat.hurt":{"replace":true,"sounds":[]},"entity.bat.loop":{"replace":true,"sounds":[]},"entity.bat.takeoff":{"replace":true,"sounds":[]},"entity.bee.death":{"replace":true,"sounds":[]},"entity.bee.hurt":{"replace":true,"sounds":[]},"entity.bee.loop":{"replace":true,"sounds":[]},"entity.bee.loop_aggressive":{"replace":true,"sounds":[]},"entity.bee.pollinate":{"replace":true,"sounds":[]},"entity.bee.sting":{"replace":true,"sounds":[]},"entity.blaze.ambient":{"replace":true,"sounds":[]},"entity.blaze.burn":{"replace":true,"sounds":[]},"entity.blaze.death":{"replace":true,"sounds":[]},"entity.blaze.hurt":{"replace":true,"sounds":[]},"entity.blaze.shoot":{"replace":true,"sounds":[]},"entity.boat.paddle_land":{"replace":true,"sounds":[]},"entity.boat.paddle_water":{"replace":true,"sounds":[]},"entity.bogged.ambient":{"replace":true,"sounds":[]},"entity.bogged.death":{"replace":true,"sounds":[]},"entity.bogged.hurt":{"replace":true,"sounds":[]},"entity.bogged.shear":{"replace":true,"sounds":[]},"entity.bogged.step":{"replace":true,"sounds":[]},"entity.breeze.charge":{"replace":true,"sounds":[]},"entity.breeze.death":{"replace":true,"sounds":[]},"entity.breeze.deflect":{"replace":true,"sounds":[]},"entity.breeze.hurt":{"replace":true,"sounds":[]},"entity.breeze.idle_air":{"replace":true,"sounds":[]},"entity.breeze.idle_ground":{"replace":true,"sounds":[]},"entity.breeze.inhale":{"replace":true,"sounds":[]},"entity.breeze.jump":{"replace":true,"sounds":[]},"entity.breeze.land":{"replace":true,"sounds":[]},"entity.breeze.shoot":{"replace":true,"sounds":[]},"entity.breeze.slide":{"replace":true,"sounds":[]},"entity.breeze.whirl":{"replace":true,"sounds":[]},"entity.breeze.wind_burst":{"replace":true,"sounds":[]},"entity.camel.ambient":{"replace":true,"sounds":[]},"entity.camel.dash":{"replace":true,"sounds":[]},"entity.camel.dash_ready":{"replace":true,"sounds":[]},"entity.camel.death":{"replace":true,"sounds":[]},"entity.camel.eat":{"replace":true,"sounds":[]},"entity.camel.hurt":{"replace":true,"sounds":[]},"entity.camel.saddle":{"replace":true,"sounds":[]},"entity.camel.sit":{"replace":true,"sounds":[]},"entity.camel.stand":{"replace":true,"sounds":[]},"entity.camel.step":{"replace":true,"sounds":[]},"entity.camel.step_sand":{"replace":true,"sounds":[]},"entity.cat.ambient":{"replace":true,"sounds":[]},"entity.cat.beg_for_food":{"replace":true,"sounds":[]},"entity.cat.death":{"replace":true,"sounds":[]},"entity.cat.eat":{"replace":true,"sounds":[]},"entity.cat.hiss":{"replace":true,"sounds":[]},"entity.cat.hurt":{"replace":true,"sounds":[]},"entity.cat.purr":{"replace":true,"sounds":[]},"entity.cat.purreow":{"replace":true,"sounds":[]},"entity.cat.stray_ambient":{"replace":true,"sounds":[]},"entity.chicken.ambient":{"replace":true,"sounds":[]},"entity.chicken.death":{"replace":true,"sounds":[]},"entity.chicken.egg":{"replace":true,"sounds":[]},"entity.chicken.hurt":{"replace":true,"sounds":[]},"entity.chicken.step":{"replace":true,"sounds":[]},"entity.cod.ambient":{"replace":true,"sounds":[]},"entity.cod.death":{"replace":true,"sounds":[]},"entity.cod.flop":{"replace":true,"sounds":[]},"entity.cod.hurt":{"replace":true,"sounds":[]},"entity.cow.ambient":{"replace":true,"sounds":[]},"entity.cow.death":{"replace":true,"sounds":[]},"entity.cow.hurt":{"replace":true,"sounds":[]},"entity.cow.milk":{"replace":true,"sounds":[]},"entity.cow.step":{"replace":true,"sounds":[]},"entity.creaking.activate":{"replace":true,"sounds":[]},"entity.creaking.ambient":{"replace":true,"sounds":[]},"entity.creaking.attack":{"replace":true,"sounds":[]},"entity.creaking.deactivate":{"replace":true,"sounds":[]},"entity.creaking.death":{"replace":true,"sounds":[]},"entity.creaking.freeze":{"replace":true,"sounds":[]},"entity.creaking.spawn":{"replace":true,"sounds":[]},"entity.creaking.step":{"replace":true,"sounds":[]},"entity.creaking.sway":{"replace":true,"sounds":[]},"entity.creaking.twitch":{"replace":true,"sounds":[]},"entity.creaking.unfreeze":{"replace":true,"sounds":[]},"entity.creeper.death":{"replace":true,"sounds":[]},"entity.creeper.hurt":{"replace":true,"sounds":[]},"entity.creeper.primed":{"replace":true,"sounds":[]},"entity.dolphin.ambient":{"replace":true,"sounds":[]},"entity.dolphin.ambient_water":{"replace":true,"sounds":[]},"entity.dolphin.attack":{"replace":true,"sounds":[]},"entity.dolphin.death":{"replace":true,"sounds":[]},"entity.dolphin.eat":{"replace":true,"sounds":[]},"entity.dolphin.hurt":{"replace":true,"sounds":[]},"entity.dolphin.jump":{"replace":true,"sounds":[]},"entity.dolphin.play":{"replace":true,"sounds":[]},"entity.dolphin.splash":{"replace":true,"sounds":[]},"entity.dolphin.swim":{"replace":true,"sounds":[]},"entity.donkey.ambient":{"replace":true,"sounds":[]},"entity.donkey.angry":{"replace":true,"sounds":[]},"entity.donkey.chest":{"replace":true,"sounds":[]},"entity.donkey.death":{"replace":true,"sounds":[]},"entity.donkey.eat":{"replace":true,"sounds":[]},"entity.donkey.hurt":{"replace":true,"sounds":[]},"entity.donkey.jump":{"replace":true,"sounds":[]},"entity.dragon_fireball.explode":{"replace":true,"sounds":[]},"entity.drowned.ambient":{"replace":true,"sounds":[]},"entity.drowned.ambient_water":{"replace":true,"sounds":[]},"entity.drowned.death":{"replace":true,"sounds":[]},"entity.drowned.death_water":{"replace":true,"sounds":[]},"entity.drowned.hurt":{"replace":true,"sounds":[]},"entity.drowned.hurt_water":{"replace":true,"sounds":[]},"entity.drowned.shoot":{"replace":true,"sounds":[]},"entity.drowned.step":{"replace":true,"sounds":[]},"entity.drowned.swim":{"replace":true,"sounds":[]},"entity.egg.throw":{"replace":true,"sounds":[]},"entity.elder_guardian.ambient":{"replace":true,"sounds":[]},"entity.elder_guardian.ambient_land":{"replace":true,"sounds":[]},"entity.elder_guardian.curse":{"replace":true,"sounds":[]},"entity.elder_guardian.death":{"replace":true,"sounds":[]},"entity.elder_guardian.death_land":{"replace":true,"sounds":[]},"entity.elder_guardian.flop":{"replace":true,"sounds":[]},"entity.elder_guardian.hurt":{"replace":true,"sounds":[]},"entity.elder_guardian.hurt_land":{"replace":true,"sounds":[]},"entity.ender_dragon.ambient":{"replace":true,"sounds":[]},"entity.ender_dragon.death":{"replace":true,"sounds":[]},"entity.ender_dragon.flap":{"replace":true,"sounds":[]},"entity.ender_dragon.growl":{"replace":true,"sounds":[]},"entity.ender_dragon.hurt":{"replace":true,"sounds":[]},"entity.ender_dragon.shoot":{"replace":true,"sounds":[]},"entity.ender_eye.death":{"replace":true,"sounds":[]},"entity.ender_eye.launch":{"replace":true,"sounds":[]},"entity.ender_pearl.throw":{"replace":true,"sounds":[]},"entity.enderman.ambient":{"replace":true,"sounds":[]},"entity.enderman.death":{"replace":true,"sounds":[]},"entity.enderman.hurt":{"replace":true,"sounds":[]},"entity.enderman.scream":{"replace":true,"sounds":[]},"entity.enderman.stare":{"replace":true,"sounds":[]},"entity.enderman.teleport":{"replace":true,"sounds":[]},"entity.endermite.ambient":{"replace":true,"sounds":[]},"entity.endermite.death":{"replace":true,"sounds":[]},"entity.endermite.hurt":{"replace":true,"sounds":[]},"entity.endermite.step":{"replace":true,"sounds":[]},"entity.evoker.ambient":{"replace":true,"sounds":[]},"entity.evoker.cast_spell":{"replace":true,"sounds":[]},"entity.evoker.celebrate":{"replace":true,"sounds":[]},"entity.evoker.death":{"replace":true,"sounds":[]},"entity.evoker.hurt":{"replace":true,"sounds":[]},"entity.evoker.prepare_attack":{"replace":true,"sounds":[]},"entity.evoker.prepare_summon":{"replace":true,"sounds":[]},"entity.evoker.prepare_wololo":{"replace":true,"sounds":[]},"entity.evoker_fangs.attack":{"replace":true,"sounds":[]},"entity.experience_bottle.throw":{"replace":true,"sounds":[]},"entity.experience_orb.pickup":{"replace":true,"sounds":[]},"entity.firework_rocket.blast":{"replace":true,"sounds":[]},"entity.firework_rocket.blast_far":{"replace":true,"sounds":[]},"entity.firework_rocket.large_blast":{"replace":true,"sounds":[]},"entity.firework_rocket.large_blast_far":{"replace":true,"sounds":[]},"entity.firework_rocket.launch":{"replace":true,"sounds":[]},"entity.firework_rocket.shoot":{"replace":true,"sounds":[]},"entity.firework_rocket.twinkle":{"replace":true,"sounds":[]},"entity.firework_rocket.twinkle_far":{"replace":true,"sounds":[]},"entity.fish.swim":{"replace":true,"sounds":[]},"entity.fishing_bobber.retrieve":{"replace":true,"sounds":[]},"entity.fishing_bobber.splash":{"replace":true,"sounds":[]},"entity.fishing_bobber.throw":{"replace":true,"sounds":[]},"entity.fox.aggro":{"replace":true,"sounds":[]},"entity.fox.ambient":{"replace":true,"sounds":[]},"entity.fox.bite":{"replace":true,"sounds":[]},"entity.fox.death":{"replace":true,"sounds":[]},"entity.fox.eat":{"replace":true,"sounds":[]},"entity.fox.hurt":{"replace":true,"sounds":[]},"entity.fox.screech":{"replace":true,"sounds":[]},"entity.fox.sleep":{"replace":true,"sounds":[]},"entity.fox.sniff":{"replace":true,"sounds":[]},"entity.fox.spit":{"replace":true,"sounds":[]},"entity.fox.teleport":{"replace":true,"sounds":[]},"entity.frog.ambient":{"replace":true,"sounds":[]},"entity.frog.death":{"replace":true,"sounds":[]},"entity.frog.eat":{"replace":true,"sounds":[]},"entity.frog.hurt":{"replace":true,"sounds":[]},"entity.frog.lay_spawn":{"replace":true,"sounds":[]},"entity.frog.long_jump":{"replace":true,"sounds":[]},"entity.frog.step":{"replace":true,"sounds":[]},"entity.frog.tongue":{"replace":true,"sounds":[]},"entity.generic.big_fall":{"replace":true,"sounds":[]},"entity.generic.burn":{"replace":true,"sounds":[]},"entity.generic.death":{"replace":true,"sounds":[]},"entity.generic.drink":{"replace":true,"sounds":[]},"entity.generic.eat":{"replace":true,"sounds":[]},"entity.generic.explode":{"replace":true,"sounds":[]},"entity.generic.extinguish_fire":{"replace":true,"sounds":[]},"entity.generic.hurt":{"replace":true,"sounds":[]},"entity.generic.small_fall":{"replace":true,"sounds":[]},"entity.generic.splash":{"replace":true,"sounds":[]},"entity.generic.swim":{"replace":true,"sounds":[]},"entity.ghast.ambient":{"replace":true,"sounds":[]},"entity.ghast.death":{"replace":true,"sounds":[]},"entity.ghast.hurt":{"replace":true,"sounds":[]},"entity.ghast.scream":{"replace":true,"sounds":[]},"entity.ghast.shoot":{"replace":true,"sounds":[]},"entity.ghast.warn":{"replace":true,"sounds":[]},"entity.ghastling.ambient":{"replace":true,"sounds":[]},"entity.ghastling.death":{"replace":true,"sounds":[]},"entity.ghastling.hurt":{"replace":true,"sounds":[]},"entity.ghastling.spawn":{"replace":true,"sounds":[]},"entity.glow_item_frame.add_item":{"replace":true,"sounds":[]},"entity.glow_item_frame.break":{"replace":true,"sounds":[]},"entity.glow_item_frame.place":{"replace":true,"sounds":[]},"entity.glow_item_frame.remove_item":{"replace":true,"sounds":[]},"entity.glow_item_frame.rotate_item":{"replace":true,"sounds":[]},"entity.glow_squid.ambient":{"replace":true,"sounds":[]},"entity.glow_squid.death":{"replace":true,"sounds":[]},"entity.glow_squid.hurt":{"replace":true,"sounds":[]},"entity.glow_squid.squirt":{"replace":true,"sounds":[]},"entity.goat.ambient":{"replace":true,"sounds":[]},"entity.goat.death":{"replace":true,"sounds":[]},"entity.goat.eat":{"replace":true,"sounds":[]},"entity.goat.horn_break":{"replace":true,"sounds":[]},"entity.goat.hurt":{"replace":true,"sounds":[]},"entity.goat.long_jump":{"replace":true,"sounds":[]},"entity.goat.milk":{"replace":true,"sounds":[]},"entity.goat.prepare_ram":{"replace":true,"sounds":[]},"entity.goat.ram_impact":{"replace":true,"sounds":[]},"entity.goat.screaming.ambient":{"replace":true,"sounds":[]},"entity.goat.screaming.death":{"replace":true,"sounds":[]},"entity.goat.screaming.eat":{"replace":true,"sounds":[]},"entity.goat.screaming.hurt":{"replace":true,"sounds":[]},"entity.goat.screaming.long_jump":{"replace":true,"sounds":[]},"entity.goat.screaming.milk":{"replace":true,"sounds":[]},"entity.goat.screaming.prepare_ram":{"replace":true,"sounds":[]},"entity.goat.screaming.ram_impact":{"replace":true,"sounds":[]},"entity.goat.step":{"replace":true,"sounds":[]},"entity.guardian.ambient":{"replace":true,"sounds":[]},"entity.guardian.ambient_land":{"replace":true,"sounds":[]},"entity.guardian.attack":{"replace":true,"sounds":[]},"entity.guardian.death":{"replace":true,"sounds":[]},"entity.guardian.death_land":{"replace":true,"sounds":[]},"entity.guardian.flop":{"replace":true,"sounds":[]},"entity.guardian.hurt":{"replace":true,"sounds":[]},"entity.guardian.hurt_land":{"replace":true,"sounds":[]},"entity.happy_ghast.ambient":{"replace":true,"sounds":[]},"entity.happy_ghast.death":{"replace":true,"sounds":[]},"entity.happy_ghast.equip":{"replace":true,"sounds":[]},"entity.happy_ghast.harness_goggles_down":{"replace":true,"sounds":[]},"entity.happy_ghast.harness_goggles_up":{"replace":true,"sounds":[]},"entity.happy_ghast.hurt":{"replace":true,"sounds":[]},"entity.happy_ghast.riding":{"replace":true,"sounds":[]},"entity.happy_ghast.unequip":{"replace":true,"sounds":[]},"entity.hoglin.ambient":{"replace":true,"sounds":[]},"entity.hoglin.angry":{"replace":true,"sounds":[]},"entity.hoglin.attack":{"replace":true,"sounds":[]},"entity.hoglin.converted_to_zombified":{"replace":true,"sounds":[]},"entity.hoglin.death":{"replace":true,"sounds":[]},"entity.hoglin.hurt":{"replace":true,"sounds":[]},"entity.hoglin.retreat":{"replace":true,"sounds":[]},"entity.hoglin.step":{"replace":true,"sounds":[]},"entity.horse.ambient":{"replace":true,"sounds":[]},"entity.horse.angry":{"replace":true,"sounds":[]},"entity.horse.armor":{"replace":true,"sounds":[]},"entity.horse.breathe":{"replace":true,"sounds":[]},"entity.horse.death":{"replace":true,"sounds":[]},"entity.horse.eat":{"replace":true,"sounds":[]},"entity.horse.gallop":{"replace":true,"sounds":[]},"entity.horse.hurt":{"replace":true,"sounds":[]},"entity.horse.jump":{"replace":true,"sounds":[]},"entity.horse.land":{"replace":true,"sounds":[]},"entity.horse.saddle":{"replace":true,"sounds":[]},"entity.horse.step":{"replace":true,"sounds":[]},"entity.horse.step_wood":{"replace":true,"sounds":[]},"entity.hostile.big_fall":{"replace":true,"sounds":[]},"entity.hostile.death":{"replace":true,"sounds":[]},"entity.hostile.hurt":{"replace":true,"sounds":[]},"entity.hostile.small_fall":{"replace":true,"sounds":[]},"entity.hostile.splash":{"replace":true,"sounds":[]},"entity.hostile.swim":{"replace":true,"sounds":[]},"entity.husk.ambient":{"replace":true,"sounds":[]},"entity.husk.converted_to_zombie":{"replace":true,"sounds":[]},"entity.husk.death":{"replace":true,"sounds":[]},"entity.husk.hurt":{"replace":true,"sounds":[]},"entity.husk.step":{"replace":true,"sounds":[]},"entity.illusioner.ambient":{"replace":true,"sounds":[]},"entity.illusioner.cast_spell":{"replace":true,"sounds":[]},"entity.illusioner.death":{"replace":true,"sounds":[]},"entity.illusioner.hurt":{"replace":true,"sounds":[]},"entity.illusioner.mirror_move":{"replace":true,"sounds":[]},"entity.illusioner.prepare_blindness":{"replace":true,"sounds":[]},"entity.illusioner.prepare_mirror":{"replace":true,"sounds":[]},"entity.iron_golem.attack":{"replace":true,"sounds":[]},"entity.iron_golem.damage":{"replace":true,"sounds":[]},"entity.iron_golem.death":{"replace":true,"sounds":[]},"entity.iron_golem.hurt":{"replace":true,"sounds":[]},"entity.iron_golem.repair":{"replace":true,"sounds":[]},"entity.iron_golem.step":{"replace":true,"sounds":[]},"entity.item.break":{"replace":true,"sounds":[]},"entity.item.pickup":{"replace":true,"sounds":[]},"entity.item_frame.add_item":{"replace":true,"sounds":[]},"entity.item_frame.break":{"replace":true,"sounds":[]},"entity.item_frame.place":{"replace":true,"sounds":[]},"entity.item_frame.remove_item":{"replace":true,"sounds":[]},"entity.item_frame.rotate_item":{"replace":true,"sounds":[]},"entity.lightning_bolt.impact":{"replace":true,"sounds":[]},"entity.lightning_bolt.thunder":{"replace":true,"sounds":[]},"entity.lingering_potion.throw":{"replace":true,"sounds":[]},"entity.llama.ambient":{"replace":true,"sounds":[]},"entity.llama.angry":{"replace":true,"sounds":[]},"entity.llama.chest":{"replace":true,"sounds":[]},"entity.llama.death":{"replace":true,"sounds":[]},"entity.llama.eat":{"replace":true,"sounds":[]},"entity.llama.hurt":{"replace":true,"sounds":[]},"entity.llama.spit":{"replace":true,"sounds":[]},"entity.llama.step":{"replace":true,"sounds":[]},"entity.llama.swag":{"replace":true,"sounds":[]},"entity.magma_cube.death":{"replace":true,"sounds":[]},"entity.magma_cube.death_small":{"replace":true,"sounds":[]},"entity.magma_cube.hurt":{"replace":true,"sounds":[]},"entity.magma_cube.hurt_small":{"replace":true,"sounds":[]},"entity.magma_cube.jump":{"replace":true,"sounds":[]},"entity.magma_cube.squish":{"replace":true,"sounds":[]},"entity.magma_cube.squish_small":{"replace":true,"sounds":[]},"entity.minecart.inside":{"replace":true,"sounds":[]},"entity.minecart.inside.underwater":{"replace":true,"sounds":[]},"entity.minecart.riding":{"replace":true,"sounds":[]},"entity.mooshroom.convert":{"replace":true,"sounds":[]},"entity.mooshroom.eat":{"replace":true,"sounds":[]},"entity.mooshroom.milk":{"replace":true,"sounds":[]},"entity.mooshroom.shear":{"replace":true,"sounds":[]},"entity.mooshroom.suspicious_milk":{"replace":true,"sounds":[]},"entity.mule.ambient":{"replace":true,"sounds":[]},"entity.mule.angry":{"replace":true,"sounds":[]},"entity.mule.chest":{"replace":true,"sounds":[]},"entity.mule.death":{"replace":true,"sounds":[]},"entity.mule.eat":{"replace":true,"sounds":[]},"entity.mule.hurt":{"replace":true,"sounds":[]},"entity.mule.jump":{"replace":true,"sounds":[]},"entity.ocelot.ambient":{"replace":true,"sounds":[]},"entity.ocelot.death":{"replace":true,"sounds":[]},"entity.ocelot.hurt":{"replace":true,"sounds":[]},"entity.painting.break":{"replace":true,"sounds":[]},"entity.painting.place":{"replace":true,"sounds":[]},"entity.panda.aggressive_ambient":{"replace":true,"sounds":[]},"entity.panda.ambient":{"replace":true,"sounds":[]},"entity.panda.bite":{"replace":true,"sounds":[]},"entity.panda.cant_breed":{"replace":true,"sounds":[]},"entity.panda.death":{"replace":true,"sounds":[]},"entity.panda.eat":{"replace":true,"sounds":[]},"entity.panda.hurt":{"replace":true,"sounds":[]},"entity.panda.pre_sneeze":{"replace":true,"sounds":[]},"entity.panda.sneeze":{"replace":true,"sounds":[]},"entity.panda.step":{"replace":true,"sounds":[]},"entity.panda.worried_ambient":{"replace":true,"sounds":[]},"entity.parrot.ambient":{"replace":true,"sounds":[]},"entity.parrot.death":{"replace":true,"sounds":[]},"entity.parrot.eat":{"replace":true,"sounds":[]},"entity.parrot.fly":{"replace":true,"sounds":[]},"entity.parrot.hurt":{"replace":true,"sounds":[]},"entity.parrot.imitate.blaze":{"replace":true,"sounds":[]},"entity.parrot.imitate.bogged":{"replace":true,"sounds":[]},"entity.parrot.imitate.breeze":{"replace":true,"sounds":[]},"entity.parrot.imitate.creaking":{"replace":true,"sounds":[]},"entity.parrot.imitate.creeper":{"replace":true,"sounds":[]},"entity.parrot.imitate.drowned":{"replace":true,"sounds":[]},"entity.parrot.imitate.elder_guardian":{"replace":true,"sounds":[]},"entity.parrot.imitate.ender_dragon":{"replace":true,"sounds":[]},"entity.parrot.imitate.endermite":{"replace":true,"sounds":[]},"entity.parrot.imitate.evoker":{"replace":true,"sounds":[]},"entity.parrot.imitate.ghast":{"replace":true,"sounds":[]},"entity.parrot.imitate.guardian":{"replace":true,"sounds":[]},"entity.parrot.imitate.hoglin":{"replace":true,"sounds":[]},"entity.parrot.imitate.husk":{"replace":true,"sounds":[]},"entity.parrot.imitate.illusioner":{"replace":true,"sounds":[]},"entity.parrot.imitate.magma_cube":{"replace":true,"sounds":[]},"entity.parrot.imitate.phantom":{"replace":true,"sounds":[]},"entity.parrot.imitate.piglin":{"replace":true,"sounds":[]},"entity.parrot.imitate.piglin_brute":{"replace":true,"sounds":[]},"entity.parrot.imitate.pillager":{"replace":true,"sounds":[]},"entity.parrot.imitate.ravager":{"replace":true,"sounds":[]},"entity.parrot.imitate.shulker":{"replace":true,"sounds":[]},"entity.parrot.imitate.silverfish":{"replace":true,"sounds":[]},"entity.parrot.imitate.skeleton":{"replace":true,"sounds":[]},"entity.parrot.imitate.slime":{"replace":true,"sounds":[]},"entity.parrot.imitate.spider":{"replace":true,"sounds":[]},"entity.parrot.imitate.stray":{"replace":true,"sounds":[]},"entity.parrot.imitate.vex":{"replace":true,"sounds":[]},"entity.parrot.imitate.vindicator":{"replace":true,"sounds":[]},"entity.parrot.imitate.warden":{"replace":true,"sounds":[]},"entity.parrot.imitate.witch":{"replace":true,"sounds":[]},"entity.parrot.imitate.wither":{"replace":true,"sounds":[]},"entity.parrot.imitate.wither_skeleton":{"replace":true,"sounds":[]},"entity.parrot.imitate.zoglin":{"replace":true,"sounds":[]},"entity.parrot.imitate.zombie":{"replace":true,"sounds":[]},"entity.parrot.imitate.zombie_villager":{"replace":true,"sounds":[]},"entity.parrot.step":{"replace":true,"sounds":[]},"entity.phantom.ambient":{"replace":true,"sounds":[]},"entity.phantom.bite":{"replace":true,"sounds":[]},"entity.phantom.death":{"replace":true,"sounds":[]},"entity.phantom.flap":{"replace":true,"sounds":[]},"entity.phantom.hurt":{"replace":true,"sounds":[]},"entity.phantom.swoop":{"replace":true,"sounds":[]},"entity.pig.ambient":{"replace":true,"sounds":[]},"entity.pig.death":{"replace":true,"sounds":[]},"entity.pig.hurt":{"replace":true,"sounds":[]},"entity.pig.saddle":{"replace":true,"sounds":[]},"entity.pig.step":{"replace":true,"sounds":[]},"entity.piglin.admiring_item":{"replace":true,"sounds":[]},"entity.piglin.ambient":{"replace":true,"sounds":[]},"entity.piglin.angry":{"replace":true,"sounds":[]},"entity.piglin.celebrate":{"replace":true,"sounds":[]},"entity.piglin.converted_to_zombified":{"replace":true,"sounds":[]},"entity.piglin.death":{"replace":true,"sounds":[]},"entity.piglin.hurt":{"replace":true,"sounds":[]},"entity.piglin.jealous":{"replace":true,"sounds":[]},"entity.piglin.retreat":{"replace":true,"sounds":[]},"entity.piglin.step":{"replace":true,"sounds":[]},"entity.piglin_brute.ambient":{"replace":true,"sounds":[]},"entity.piglin_brute.angry":{"replace":true,"sounds":[]},"entity.piglin_brute.converted_to_zombified":{"replace":true,"sounds":[]},"entity.piglin_brute.death":{"replace":true,"sounds":[]},"entity.piglin_brute.hurt":{"replace":true,"sounds":[]},"entity.piglin_brute.step":{"replace":true,"sounds":[]},"entity.pillager.ambient":{"replace":true,"sounds":[]},"entity.pillager.celebrate":{"replace":true,"sounds":[]},"entity.pillager.death":{"replace":true,"sounds":[]},"entity.pillager.hurt":{"replace":true,"sounds":[]},"entity.player.attack.crit":{"replace":true,"sounds":[]},"entity.player.attack.knockback":{"replace":true,"sounds":[]},"entity.player.attack.nodamage":{"replace":true,"sounds":[]},"entity.player.attack.strong":{"replace":true,"sounds":[]},"entity.player.attack.sweep":{"replace":true,"sounds":[]},"entity.player.attack.weak":{"replace":true,"sounds":[]},"entity.player.big_fall":{"replace":true,"sounds":[]},"entity.player.breath":{"replace":true,"sounds":[]},"entity.player.burp":{"replace":true,"sounds":[]},"entity.player.death":{"replace":true,"sounds":[]},"entity.player.hurt":{"replace":true,"sounds":[]},"entity.player.hurt_drown":{"replace":true,"sounds":[]},"entity.player.hurt_freeze":{"replace":true,"sounds":[]},"entity.player.hurt_on_fire":{"replace":true,"sounds":[]},"entity.player.hurt_sweet_berry_bush":{"replace":true,"sounds":[]},"entity.player.levelup":{"replace":true,"sounds":[]},"entity.player.small_fall":{"replace":true,"sounds":[]},"entity.player.splash":{"replace":true,"sounds":[]},"entity.player.splash.high_speed":{"replace":true,"sounds":[]},"entity.player.swim":{"replace":true,"sounds":[]},"entity.player.teleport":{"replace":true,"sounds":[]},"entity.polar_bear.ambient":{"replace":true,"sounds":[]},"entity.polar_bear.ambient_baby":{"replace":true,"sounds":[]},"entity.polar_bear.death":{"replace":true,"sounds":[]},"entity.polar_bear.hurt":{"replace":true,"sounds":[]},"entity.polar_bear.step":{"replace":true,"sounds":[]},"entity.polar_bear.warning":{"replace":true,"sounds":[]},"entity.puffer_fish.blow_out":{"replace":true,"sounds":[]},"entity.puffer_fish.blow_up":{"replace":true,"sounds":[]},"entity.puffer_fish.death":{"replace":true,"sounds":[]},"entity.puffer_fish.flop":{"replace":true,"sounds":[]},"entity.puffer_fish.hurt":{"replace":true,"sounds":[]},"entity.puffer_fish.sting":{"replace":true,"sounds":[]},"entity.rabbit.ambient":{"replace":true,"sounds":[]},"entity.rabbit.attack":{"replace":true,"sounds":[]},"entity.rabbit.death":{"replace":true,"sounds":[]},"entity.rabbit.hurt":{"replace":true,"sounds":[]},"entity.rabbit.jump":{"replace":true,"sounds":[]},"entity.ravager.ambient":{"replace":true,"sounds":[]},"entity.ravager.attack":{"replace":true,"sounds":[]},"entity.ravager.celebrate":{"replace":true,"sounds":[]},"entity.ravager.death":{"replace":true,"sounds":[]},"entity.ravager.hurt":{"replace":true,"sounds":[]},"entity.ravager.roar":{"replace":true,"sounds":[]},"entity.ravager.step":{"replace":true,"sounds":[]},"entity.ravager.stunned":{"replace":true,"sounds":[]},"entity.salmon.ambient":{"replace":true,"sounds":[]},"entity.salmon.death":{"replace":true,"sounds":[]},"entity.salmon.flop":{"replace":true,"sounds":[]},"entity.salmon.hurt":{"replace":true,"sounds":[]},"entity.sheep.ambient":{"replace":true,"sounds":[]},"entity.sheep.death":{"replace":true,"sounds":[]},"entity.sheep.hurt":{"replace":true,"sounds":[]},"entity.sheep.shear":{"replace":true,"sounds":[]},"entity.sheep.step":{"replace":true,"sounds":[]},"entity.shulker.ambient":{"replace":true,"sounds":[]},"entity.shulker.close":{"replace":true,"sounds":[]},"entity.shulker.death":{"replace":true,"sounds":[]},"entity.shulker.hurt":{"replace":true,"sounds":[]},"entity.shulker.hurt_closed":{"replace":true,"sounds":[]},"entity.shulker.open":{"replace":true,"sounds":[]},"entity.shulker.shoot":{"replace":true,"sounds":[]},"entity.shulker.teleport":{"replace":true,"sounds":[]},"entity.shulker_bullet.hit":{"replace":true,"sounds":[]},"entity.shulker_bullet.hurt":{"replace":true,"sounds":[]},"entity.silverfish.ambient":{"replace":true,"sounds":[]},"entity.silverfish.death":{"replace":true,"sounds":[]},"entity.silverfish.hurt":{"replace":true,"sounds":[]},"entity.silverfish.step":{"replace":true,"sounds":[]},"entity.skeleton.ambient":{"replace":true,"sounds":[]},"entity.skeleton.converted_to_stray":{"replace":true,"sounds":[]},"entity.skeleton.death":{"replace":true,"sounds":[]},"entity.skeleton.hurt":{"replace":true,"sounds":[]},"entity.skeleton.shoot":{"replace":true,"sounds":[]},"entity.skeleton.step":{"replace":true,"sounds":[]},"entity.skeleton_horse.ambient":{"replace":true,"sounds":[]},"entity.skeleton_horse.ambient_water":{"replace":true,"sounds":[]},"entity.skeleton_horse.death":{"replace":true,"sounds":[]},"entity.skeleton_horse.gallop_water":{"replace":true,"sounds":[]},"entity.skeleton_horse.hurt":{"replace":true,"sounds":[]},"entity.skeleton_horse.jump_water":{"replace":true,"sounds":[]},"entity.skeleton_horse.step_water":{"replace":true,"sounds":[]},"entity.skeleton_horse.swim":{"replace":true,"sounds":[]},"entity.slime.attack":{"replace":true,"sounds":[]},"entity.slime.death":{"replace":true,"sounds":[]},"entity.slime.death_small":{"replace":true,"sounds":[]},"entity.slime.hurt":{"replace":true,"sounds":[]},"entity.slime.hurt_small":{"replace":true,"sounds":[]},"entity.slime.jump":{"replace":true,"sounds":[]},"entity.slime.jump_small":{"replace":true,"sounds":[]},"entity.slime.squish":{"replace":true,"sounds":[]},"entity.slime.squish_small":{"replace":true,"sounds":[]},"entity.sniffer.death":{"replace":true,"sounds":[]},"entity.sniffer.digging":{"replace":true,"sounds":[]},"entity.sniffer.digging_stop":{"replace":true,"sounds":[]},"entity.sniffer.drop_seed":{"replace":true,"sounds":[]},"entity.sniffer.eat":{"replace":true,"sounds":[]},"entity.sniffer.happy":{"replace":true,"sounds":[]},"entity.sniffer.hurt":{"replace":true,"sounds":[]},"entity.sniffer.idle":{"replace":true,"sounds":[]},"entity.sniffer.scenting":{"replace":true,"sounds":[]},"entity.sniffer.searching":{"replace":true,"sounds":[]},"entity.sniffer.sniffing":{"replace":true,"sounds":[]},"entity.sniffer.step":{"replace":true,"sounds":[]},"entity.snow_golem.ambient":{"replace":true,"sounds":[]},"entity.snow_golem.death":{"replace":true,"sounds":[]},"entity.snow_golem.hurt":{"replace":true,"sounds":[]},"entity.snow_golem.shear":{"replace":true,"sounds":[]},"entity.snow_golem.shoot":{"replace":true,"sounds":[]},"entity.snowball.throw":{"replace":true,"sounds":[]},"entity.spider.ambient":{"replace":true,"sounds":[]},"entity.spider.death":{"replace":true,"sounds":[]},"entity.spider.hurt":{"replace":true,"sounds":[]},"entity.spider.step":{"replace":true,"sounds":[]},"entity.splash_potion.break":{"replace":true,"sounds":[]},"entity.splash_potion.throw":{"replace":true,"sounds":[]},"entity.squid.ambient":{"replace":true,"sounds":[]},"entity.squid.death":{"replace":true,"sounds":[]},"entity.squid.hurt":{"replace":true,"sounds":[]},"entity.squid.squirt":{"replace":true,"sounds":[]},"entity.stray.ambient":{"replace":true,"sounds":[]},"entity.stray.death":{"replace":true,"sounds":[]},"entity.stray.hurt":{"replace":true,"sounds":[]},"entity.stray.step":{"replace":true,"sounds":[]},"entity.strider.ambient":{"replace":true,"sounds":[]},"entity.strider.death":{"replace":true,"sounds":[]},"entity.strider.eat":{"replace":true,"sounds":[]},"entity.strider.happy":{"replace":true,"sounds":[]},"entity.strider.hurt":{"replace":true,"sounds":[]},"entity.strider.retreat":{"replace":true,"sounds":[]},"entity.strider.saddle":{"replace":true,"sounds":[]},"entity.strider.step":{"replace":true,"sounds":[]},"entity.strider.step_lava":{"replace":true,"sounds":[]},"entity.tadpole.death":{"replace":true,"sounds":[]},"entity.tadpole.flop":{"replace":true,"sounds":[]},"entity.tadpole.grow_up":{"replace":true,"sounds":[]},"entity.tadpole.hurt":{"replace":true,"sounds":[]},"entity.tnt.primed":{"replace":true,"sounds":[]},"entity.tropical_fish.ambient":{"replace":true,"sounds":[]},"entity.tropical_fish.death":{"replace":true,"sounds":[]},"entity.tropical_fish.flop":{"replace":true,"sounds":[]},"entity.tropical_fish.hurt":{"replace":true,"sounds":[]},"entity.turtle.ambient_land":{"replace":true,"sounds":[]},"entity.turtle.death":{"replace":true,"sounds":[]},"entity.turtle.death_baby":{"replace":true,"sounds":[]},"entity.turtle.egg_break":{"replace":true,"sounds":[]},"entity.turtle.egg_crack":{"replace":true,"sounds":[]},"entity.turtle.egg_hatch":{"replace":true,"sounds":[]},"entity.turtle.hurt":{"replace":true,"sounds":[]},"entity.turtle.hurt_baby":{"replace":true,"sounds":[]},"entity.turtle.lay_egg":{"replace":true,"sounds":[]},"entity.turtle.shamble":{"replace":true,"sounds":[]},"entity.turtle.shamble_baby":{"replace":true,"sounds":[]},"entity.turtle.swim":{"replace":true,"sounds":[]},"entity.vex.ambient":{"replace":true,"sounds":[]},"entity.vex.charge":{"replace":true,"sounds":[]},"entity.vex.death":{"replace":true,"sounds":[]},"entity.vex.hurt":{"replace":true,"sounds":[]},"entity.villager.ambient":{"replace":true,"sounds":[]},"entity.villager.celebrate":{"replace":true,"sounds":[]},"entity.villager.death":{"replace":true,"sounds":[]},"entity.villager.hurt":{"replace":true,"sounds":[]},"entity.villager.no":{"replace":true,"sounds":[]},"entity.villager.trade":{"replace":true,"sounds":[]},"entity.villager.work_armorer":{"replace":true,"sounds":[]},"entity.villager.work_butcher":{"replace":true,"sounds":[]},"entity.villager.work_cartographer":{"replace":true,"sounds":[]},"entity.villager.work_cleric":{"replace":true,"sounds":[]},"entity.villager.work_farmer":{"replace":true,"sounds":[]},"entity.villager.work_fisherman":{"replace":true,"sounds":[]},"entity.villager.work_fletcher":{"replace":true,"sounds":[]},"entity.villager.work_leatherworker":{"replace":true,"sounds":[]},"entity.villager.work_librarian":{"replace":true,"sounds":[]},"entity.villager.work_mason":{"replace":true,"sounds":[]},"entity.villager.work_shepherd":{"replace":true,"sounds":[]},"entity.villager.work_toolsmith":{"replace":true,"sounds":[]},"entity.villager.work_weaponsmith":{"replace":true,"sounds":[]},"entity.villager.yes":{"replace":true,"sounds":[]},"entity.vindicator.ambient":{"replace":true,"sounds":[]},"entity.vindicator.celebrate":{"replace":true,"sounds":[]},"entity.vindicator.death":{"replace":true,"sounds":[]},"entity.vindicator.hurt":{"replace":true,"sounds":[]},"entity.wandering_trader.ambient":{"replace":true,"sounds":[]},"entity.wandering_trader.death":{"replace":true,"sounds":[]},"entity.wandering_trader.disappeared":{"replace":true,"sounds":[]},"entity.wandering_trader.drink_milk":{"replace":true,"sounds":[]},"entity.wandering_trader.drink_potion":{"replace":true,"sounds":[]},"entity.wandering_trader.hurt":{"replace":true,"sounds":[]},"entity.wandering_trader.no":{"replace":true,"sounds":[]},"entity.wandering_trader.reappeared":{"replace":true,"sounds":[]},"entity.wandering_trader.trade":{"replace":true,"sounds":[]},"entity.wandering_trader.yes":{"replace":true,"sounds":[]},"entity.warden.agitated":{"replace":true,"sounds":[]},"entity.warden.ambient":{"replace":true,"sounds":[]},"entity.warden.angry":{"replace":true,"sounds":[]},"entity.warden.attack_impact":{"replace":true,"sounds":[]},"entity.warden.death":{"replace":true,"sounds":[]},"entity.warden.dig":{"replace":true,"sounds":[]},"entity.warden.emerge":{"replace":true,"sounds":[]},"entity.warden.heartbeat":{"replace":true,"sounds":[]},"entity.warden.hurt":{"replace":true,"sounds":[]},"entity.warden.listening":{"replace":true,"sounds":[]},"entity.warden.listening_angry":{"replace":true,"sounds":[]},"entity.warden.nearby_close":{"replace":true,"sounds":[]},"entity.warden.nearby_closer":{"replace":true,"sounds":[]},"entity.warden.nearby_closest":{"replace":true,"sounds":[]},"entity.warden.roar":{"replace":true,"sounds":[]},"entity.warden.sniff":{"replace":true,"sounds":[]},"entity.warden.sonic_boom":{"replace":true,"sounds":[]},"entity.warden.sonic_charge":{"replace":true,"sounds":[]},"entity.warden.step":{"replace":true,"sounds":[]},"entity.warden.tendril_clicks":{"replace":true,"sounds":[]},"entity.wind_charge.throw":{"replace":true,"sounds":[]},"entity.wind_charge.wind_burst":{"replace":true,"sounds":[]},"entity.witch.ambient":{"replace":true,"sounds":[]},"entity.witch.celebrate":{"replace":true,"sounds":[]},"entity.witch.death":{"replace":true,"sounds":[]},"entity.witch.drink":{"replace":true,"sounds":[]},"entity.witch.hurt":{"replace":true,"sounds":[]},"entity.witch.throw":{"replace":true,"sounds":[]},"entity.wither.ambient":{"replace":true,"sounds":[]},"entity.wither.break_block":{"replace":true,"sounds":[]},"entity.wither.death":{"replace":true,"sounds":[]},"entity.wither.hurt":{"replace":true,"sounds":[]},"entity.wither.shoot":{"replace":true,"sounds":[]},"entity.wither.spawn":{"replace":true,"sounds":[]},"entity.wither_skeleton.ambient":{"replace":true,"sounds":[]},"entity.wither_skeleton.death":{"replace":true,"sounds":[]},"entity.wither_skeleton.hurt":{"replace":true,"sounds":[]},"entity.wither_skeleton.step":{"replace":true,"sounds":[]},"entity.wolf.ambient":{"replace":true,"sounds":[]},"entity.wolf.death":{"replace":true,"sounds":[]},"entity.wolf.growl":{"replace":true,"sounds":[]},"entity.wolf.hurt":{"replace":true,"sounds":[]},"entity.wolf.pant":{"replace":true,"sounds":[]},"entity.wolf.shake":{"replace":true,"sounds":[]},"entity.wolf.step":{"replace":true,"sounds":[]},"entity.wolf.whine":{"replace":true,"sounds":[]},"entity.wolf_angry.ambient":{"replace":true,"sounds":[]},"entity.wolf_angry.death":{"replace":true,"sounds":[]},"entity.wolf_angry.growl":{"replace":true,"sounds":[]},"entity.wolf_angry.hurt":{"replace":true,"sounds":[]},"entity.wolf_angry.pant":{"replace":true,"sounds":[]},"entity.wolf_angry.whine":{"replace":true,"sounds":[]},"entity.wolf_big.ambient":{"replace":true,"sounds":[]},"entity.wolf_big.death":{"replace":true,"sounds":[]},"entity.wolf_big.growl":{"replace":true,"sounds":[]},"entity.wolf_big.hurt":{"replace":true,"sounds":[]},"entity.wolf_big.pant":{"replace":true,"sounds":[]},"entity.wolf_big.whine":{"replace":true,"sounds":[]},"entity.wolf_cute.ambient":{"replace":true,"sounds":[]},"entity.wolf_cute.death":{"replace":true,"sounds":[]},"entity.wolf_cute.growl":{"replace":true,"sounds":[]},"entity.wolf_cute.hurt":{"replace":true,"sounds":[]},"entity.wolf_cute.pant":{"replace":true,"sounds":[]},"entity.wolf_cute.whine":{"replace":true,"sounds":[]},"entity.wolf_grumpy.ambient":{"replace":true,"sounds":[]},"entity.wolf_grumpy.death":{"replace":true,"sounds":[]},"entity.wolf_grumpy.growl":{"replace":true,"sounds":[]},"entity.wolf_grumpy.hurt":{"replace":true,"sounds":[]},"entity.wolf_grumpy.pant":{"replace":true,"sounds":[]},"entity.wolf_grumpy.whine":{"replace":true,"sounds":[]},"entity.wolf_puglin.ambient":{"replace":true,"sounds":[]},"entity.wolf_puglin.death":{"replace":true,"sounds":[]},"entity.wolf_puglin.growl":{"replace":true,"sounds":[]},"entity.wolf_puglin.hurt":{"replace":true,"sounds":[]},"entity.wolf_puglin.pant":{"replace":true,"sounds":[]},"entity.wolf_puglin.whine":{"replace":true,"sounds":[]},"entity.wolf_sad.ambient":{"replace":true,"sounds":[]},"entity.wolf_sad.death":{"replace":true,"sounds":[]},"entity.wolf_sad.growl":{"replace":true,"sounds":[]},"entity.wolf_sad.hurt":{"replace":true,"sounds":[]},"entity.wolf_sad.pant":{"replace":true,"sounds":[]},"entity.wolf_sad.whine":{"replace":true,"sounds":[]},"entity.zoglin.ambient":{"replace":true,"sounds":[]},"entity.zoglin.angry":{"replace":true,"sounds":[]},"entity.zoglin.attack":{"replace":true,"sounds":[]},"entity.zoglin.death":{"replace":true,"sounds":[]},"entity.zoglin.hurt":{"replace":true,"sounds":[]},"entity.zoglin.step":{"replace":true,"sounds":[]},"entity.zombie.ambient":{"replace":true,"sounds":[]},"entity.zombie.attack_iron_door":{"replace":true,"sounds":[]},"entity.zombie.attack_wooden_door":{"replace":true,"sounds":[]},"entity.zombie.break_wooden_door":{"replace":true,"sounds":[]},"entity.zombie.converted_to_drowned":{"replace":true,"sounds":[]},"entity.zombie.death":{"replace":true,"sounds":[]},"entity.zombie.destroy_egg":{"replace":true,"sounds":[]},"entity.zombie.hurt":{"replace":true,"sounds":[]},"entity.zombie.infect":{"replace":true,"sounds":[]},"entity.zombie.step":{"replace":true,"sounds":[]},"entity.zombie_horse.ambient":{"replace":true,"sounds":[]},"entity.zombie_horse.death":{"replace":true,"sounds":[]},"entity.zombie_horse.hurt":{"replace":true,"sounds":[]},"entity.zombie_villager.ambient":{"replace":true,"sounds":[]},"entity.zombie_villager.converted":{"replace":true,"sounds":[]},"entity.zombie_villager.cure":{"replace":true,"sounds":[]},"entity.zombie_villager.death":{"replace":true,"sounds":[]},"entity.zombie_villager.hurt":{"replace":true,"sounds":[]},"entity.zombie_villager.step":{"replace":true,"sounds":[]},"entity.zombified_piglin.ambient":{"replace":true,"sounds":[]},"entity.zombified_piglin.angry":{"replace":true,"sounds":[]},"entity.zombified_piglin.death":{"replace":true,"sounds":[]},"entity.zombified_piglin.hurt":{"replace":true,"sounds":[]},"event.mob_effect.bad_omen":{"replace":true,"sounds":[]},"event.mob_effect.raid_omen":{"replace":true,"sounds":[]},"event.mob_effect.trial_omen":{"replace":true,"sounds":[]},"event.raid.horn":{"replace":true,"sounds":[]},"intentionally_empty":{"replace":true,"sounds":[]},"item.armor.equip_chain":{"replace":true,"sounds":[]},"item.armor.equip_diamond":{"replace":true,"sounds":[]},"item.armor.equip_elytra":{"replace":true,"sounds":[]},"item.armor.equip_generic":{"replace":true,"sounds":[]},"item.armor.equip_gold":{"replace":true,"sounds":[]},"item.armor.equip_iron":{"replace":true,"sounds":[]},"item.armor.equip_leather":{"replace":true,"sounds":[]},"item.armor.equip_netherite":{"replace":true,"sounds":[]},"item.armor.equip_turtle":{"replace":true,"sounds":[]},"item.armor.equip_wolf":{"replace":true,"sounds":[]},"item.armor.unequip_wolf":{"replace":true,"sounds":[]},"item.axe.scrape":{"replace":true,"sounds":[]},"item.axe.strip":{"replace":true,"sounds":[]},"item.axe.wax_off":{"replace":true,"sounds":[]},"item.bone_meal.use":{"replace":true,"sounds":[]},"item.book.page_turn":{"replace":true,"sounds":[]},"item.book.put":{"replace":true,"sounds":[]},"item.bottle.empty":{"replace":true,"sounds":[]},"item.bottle.fill":{"replace":true,"sounds":[]},"item.bottle.fill_dragonbreath":{"replace":true,"sounds":[]},"item.brush.brushing.generic":{"replace":true,"sounds":[]},"item.brush.brushing.gravel":{"replace":true,"sounds":[]},"item.brush.brushing.gravel.complete":{"replace":true,"sounds":[]},"item.brush.brushing.sand":{"replace":true,"sounds":[]},"item.brush.brushing.sand.complete":{"replace":true,"sounds":[]},"item.bucket.empty":{"replace":true,"sounds":[]},"item.bucket.empty_axolotl":{"replace":true,"sounds":[]},"item.bucket.empty_fish":{"replace":true,"sounds":[]},"item.bucket.empty_lava":{"replace":true,"sounds":[]},"item.bucket.empty_powder_snow":{"replace":true,"sounds":[]},"item.bucket.empty_tadpole":{"replace":true,"sounds":[]},"item.bucket.fill":{"replace":true,"sounds":[]},"item.bucket.fill_axolotl":{"replace":true,"sounds":[]},"item.bucket.fill_fish":{"replace":true,"sounds":[]},"item.bucket.fill_lava":{"replace":true,"sounds":[]},"item.bucket.fill_powder_snow":{"replace":true,"sounds":[]},"item.bucket.fill_tadpole":{"replace":true,"sounds":[]},"item.bundle.drop_contents":{"replace":true,"sounds":[]},"item.bundle.insert":{"replace":true,"sounds":[]},"item.bundle.insert_fail":{"replace":true,"sounds":[]},"item.bundle.remove_one":{"replace":true,"sounds":[]},"item.chorus_fruit.teleport":{"replace":true,"sounds":[]},"item.crop.plant":{"replace":true,"sounds":[]},"item.crossbow.hit":{"replace":true,"sounds":[]},"item.crossbow.loading_end":{"replace":true,"sounds":[]},"item.crossbow.loading_middle":{"replace":true,"sounds":[]},"item.crossbow.loading_start":{"replace":true,"sounds":[]},"item.crossbow.quick_charge_1":{"replace":true,"sounds":[]},"item.crossbow.quick_charge_2":{"replace":true,"sounds":[]},"item.crossbow.quick_charge_3":{"replace":true,"sounds":[]},"item.crossbow.shoot":{"replace":true,"sounds":[]},"item.dye.use":{"replace":true,"sounds":[]},"item.elytra.flying":{"replace":true,"sounds":[]},"item.firecharge.use":{"replace":true,"sounds":[]},"item.flintandsteel.use":{"replace":true,"sounds":[]},"item.glow_ink_sac.use":{"replace":true,"sounds":[]},"item.goat_horn.sound.0":{"replace":true,"sounds":[]},"item.goat_horn.sound.1":{"replace":true,"sounds":[]},"item.goat_horn.sound.2":{"replace":true,"sounds":[]},"item.goat_horn.sound.3":{"replace":true,"sounds":[]},"item.goat_horn.sound.4":{"replace":true,"sounds":[]},"item.goat_horn.sound.5":{"replace":true,"sounds":[]},"item.goat_horn.sound.6":{"replace":true,"sounds":[]},"item.goat_horn.sound.7":{"replace":true,"sounds":[]},"item.hoe.till":{"replace":true,"sounds":[]},"item.honey_bottle.drink":{"replace":true,"sounds":[]},"item.honeycomb.wax_on":{"replace":true,"sounds":[]},"item.horse_armor.unequip":{"replace":true,"sounds":[]},"item.ink_sac.use":{"replace":true,"sounds":[]},"item.lead.break":{"replace":true,"sounds":[]},"item.lead.tied":{"replace":true,"sounds":[]},"item.lead.untied":{"replace":true,"sounds":[]},"item.llama_carpet.unequip":{"replace":true,"sounds":[]},"item.lodestone_compass.lock":{"replace":true,"sounds":[]},"item.mace.smash_air":{"replace":true,"sounds":[]},"item.mace.smash_ground":{"replace":true,"sounds":[]},"item.mace.smash_ground_heavy":{"replace":true,"sounds":[]},"item.nether_wart.plant":{"replace":true,"sounds":[]},"item.ominous_bottle.dispose":{"replace":true,"sounds":[]},"item.saddle.unequip":{"replace":true,"sounds":[]},"item.shears.snip":{"replace":true,"sounds":[]},"item.shield.block":{"replace":true,"sounds":[]},"item.shield.break":{"replace":true,"sounds":[]},"item.shovel.flatten":{"replace":true,"sounds":[]},"item.spyglass.stop_using":{"replace":true,"sounds":[]},"item.spyglass.use":{"replace":true,"sounds":[]},"item.totem.use":{"replace":true,"sounds":[]},"item.trident.hit":{"replace":true,"sounds":[]},"item.trident.hit_ground":{"replace":true,"sounds":[]},"item.trident.return":{"replace":true,"sounds":[]},"item.trident.riptide_1":{"replace":true,"sounds":[]},"item.trident.riptide_2":{"replace":true,"sounds":[]},"item.trident.riptide_3":{"replace":true,"sounds":[]},"item.trident.throw":{"replace":true,"sounds":[]},"item.trident.thunder":{"replace":true,"sounds":[]},"item.wolf_armor.break":{"replace":true,"sounds":[]},"item.wolf_armor.crack":{"replace":true,"sounds":[]},"item.wolf_armor.damage":{"replace":true,"sounds":[]},"item.wolf_armor.repair":{"replace":true,"sounds":[]},"ui.cartography_table.take_result":{"replace":true,"sounds":[]},"ui.hud.bubble_pop":{"replace":true,"sounds":[]},"ui.loom.select_pattern":{"replace":true,"sounds":[]},"ui.loom.take_result":{"replace":true,"sounds":[]},"ui.stonecutter.select_recipe":{"replace":true,"sounds":[]},"ui.stonecutter.take_result":{"replace":true,"sounds":[]},"ui.toast.challenge_complete":{"replace":true,"sounds":[]},"ui.toast.in":{"replace":true,"sounds":[]},"ui.toast.out":{"replace":true,"sounds":[]},"weather.rain":{"replace":true,"sounds":[]},"weather.rain.above":{"replace":true,"sounds":[]}, "glockfire":{"replace":true,"sounds":["glockfire"]}, "headshot":{"replace":true,"sounds":["headshot"]}, "ssg08fire":{"replace":true,"sounds":["ssg08fire"]}}}