{
	"format_version": "1.9.0",
	"credit": "Made with Blockbench",
	"texture_size": [32, 32],
	"textures": {
		"6": "minecraft:item/knifes/m9bayonet",
		"particle": "minecraft:item/knifes/m9bayonet"
	},
	"elements": [
		{
			"from": [5.2, 7, 7],
			"to": [11.2, 10, 9],
			"rotation": {"angle": 0, "axis": "y", "origin": [5.2, 7, 8]},
			"faces": {
				"north": {"uv": [0, 3, 3, 4.5], "texture": "#6"},
				"east": {"uv": [5.5, 7, 6.5, 8.5], "texture": "#6"},
				"south": {"uv": [3, 3, 6, 4.5], "texture": "#6"},
				"west": {"uv": [7, 6, 8, 7.5], "texture": "#6"},
				"up": {"uv": [9, 3, 6, 2], "texture": "#6"},
				"down": {"uv": [5.5, 6, 2.5, 7], "texture": "#6"}
			}
		},
		{
			"from": [11.75, 8.15, 6.5],
			"to": [23.5, 8.6, 9.5],
			"rotation": {"angle": 0, "axis": "y", "origin": [17, 8.25, 8]},
			"faces": {
				"north": {"uv": [8, 6, 13.75, 6.25], "texture": "#6"},
				"east": {"uv": [9.5, 8.5, 11, 8.75], "texture": "#6"},
				"south": {"uv": [8, 6.5, 13.75, 6.75], "texture": "#6"},
				"west": {"uv": [3.5, 10, 5, 10.25], "texture": "#6"},
				"up": {"uv": [5.75, 1.5, 0, 0], "texture": "#6"},
				"down": {"uv": [5.75, 1.5, 0, 3], "texture": "#6"}
			}
		},
		{
			"from": [19.65, 8.15, 4.525],
			"to": [20.75, 8.6, 6.65],
			"rotation": {"angle": -45, "axis": "y", "origin": [18.65, 8.2, 11.4]},
			"faces": {
				"north": {"uv": [11.5, 9.5, 12, 9.75], "texture": "#6"},
				"east": {"uv": [11, 11, 12, 11.25], "texture": "#6"},
				"south": {"uv": [0, 12, 0.5, 12.25], "texture": "#6"},
				"west": {"uv": [0, 11.5, 1, 11.75], "texture": "#6"},
				"up": {"uv": [6, 7, 5.5, 6], "texture": "#6"},
				"down": {"uv": [1.5, 9, 1, 10], "texture": "#6"}
			}
		},
		{
			"from": [20.45, 8.15, 10.9],
			"to": [22.575, 8.6, 12],
			"rotation": {"angle": -45, "axis": "y", "origin": [27.325, 8.2, 12.4]},
			"faces": {
				"north": {"uv": [11.5, 0, 12.5, 0.25], "texture": "#6"},
				"east": {"uv": [0.5, 12, 1, 12.25], "texture": "#6"},
				"south": {"uv": [11.5, 0.5, 12.5, 0.75], "texture": "#6"},
				"west": {"uv": [1, 12, 1.5, 12.25], "texture": "#6"},
				"up": {"uv": [5.5, 8.5, 4.5, 8], "texture": "#6"},
				"down": {"uv": [3.5, 9, 2.5, 9.5], "texture": "#6"}
			}
		},
		{
			"from": [4.2, 6.5, 7],
			"to": [5.2, 10.5, 9],
			"rotation": {"angle": 0, "axis": "y", "origin": [4.2, 7, 8]},
			"faces": {
				"north": {"uv": [1.5, 8, 2, 10], "texture": "#6"},
				"east": {"uv": [6, 5, 7, 7], "texture": "#6"},
				"south": {"uv": [2, 8, 2.5, 10], "texture": "#6"},
				"west": {"uv": [2.5, 7, 3.5, 9], "texture": "#6"},
				"up": {"uv": [3, 10.5, 2.5, 9.5], "texture": "#6"},
				"down": {"uv": [3.5, 9.5, 3, 10.5], "texture": "#6"}
			}
		},
		{
			"from": [5.2, 7.5, 6.5],
			"to": [11.2, 9.5, 9.5],
			"rotation": {"angle": 0, "axis": "y", "origin": [5.2, 7.5, 7.5]},
			"faces": {
				"north": {"uv": [6, 3, 9, 4], "texture": "#6"},
				"east": {"uv": [6.5, 7.5, 8, 8.5], "texture": "#6"},
				"south": {"uv": [6, 4, 9, 5], "texture": "#6"},
				"west": {"uv": [0, 8, 1.5, 9], "texture": "#6"},
				"up": {"uv": [3, 6, 0, 4.5], "texture": "#6"},
				"down": {"uv": [6, 4.5, 3, 6], "texture": "#6"}
			}
		},
		{
			"from": [11.2, 6.5, 5.5],
			"to": [11.7, 10.5, 10],
			"rotation": {"angle": 0, "axis": "y", "origin": [4.7, 7.5, 7.5]},
			"faces": {
				"north": {"uv": [10, 0, 10.25, 2], "texture": "#6"},
				"east": {"uv": [0, 6, 2.25, 8], "texture": "#6"},
				"south": {"uv": [1, 10, 1.25, 12], "texture": "#6"},
				"west": {"uv": [6, 0, 8.25, 2], "texture": "#6"},
				"up": {"uv": [0.25, 11.25, 0, 9], "texture": "#6"},
				"down": {"uv": [0.75, 9, 0.5, 11.25], "texture": "#6"}
			}
		},
		{
			"from": [11.2, 7.975, 8.55],
			"to": [11.7, 9.425, 11.05],
			"rotation": {"angle": -45, "axis": "x", "origin": [4.7, 8.975, 11.05]},
			"faces": {
				"north": {"uv": [8.5, 11.5, 8.75, 12.25], "texture": "#6"},
				"east": {"uv": [8, 7, 9.25, 7.75], "texture": "#6"},
				"south": {"uv": [11.5, 8.5, 11.75, 9.25], "texture": "#6"},
				"west": {"uv": [8, 8, 9.25, 8.75], "texture": "#6"},
				"up": {"uv": [4.25, 11.75, 4, 10.5], "texture": "#6"},
				"down": {"uv": [4.75, 10.5, 4.5, 11.75], "texture": "#6"}
			}
		},
		{
			"from": [11.2, 9.725, 10.3],
			"to": [11.7, 10.05, 10.65],
			"rotation": {"angle": -45, "axis": "x", "origin": [4.7, 10.725, 12.8]},
			"faces": {
				"north": {"uv": [12, 1, 12.25, 1.25], "texture": "#6"},
				"east": {"uv": [12, 2, 12.25, 2.25], "texture": "#6"},
				"south": {"uv": [2.5, 12, 2.75, 12.25], "texture": "#6"},
				"west": {"uv": [12, 2.5, 12.25, 2.75], "texture": "#6"},
				"up": {"uv": [3.25, 12.25, 3, 12], "texture": "#6"},
				"down": {"uv": [12.25, 3, 12, 3.25], "texture": "#6"}
			}
		},
		{
			"from": [11.2, 7.3, 9.45],
			"to": [11.7, 8.65, 11.95],
			"rotation": {"angle": 45, "axis": "x", "origin": [4.7, 8.9, 11.95]},
			"faces": {
				"north": {"uv": [11, 11.5, 11.25, 12.25], "texture": "#6"},
				"east": {"uv": [8.5, 0, 9.75, 0.75], "texture": "#6"},
				"south": {"uv": [11.5, 11.5, 11.75, 12.25], "texture": "#6"},
				"west": {"uv": [8.5, 1, 9.75, 1.75], "texture": "#6"},
				"up": {"uv": [10.75, 10.25, 10.5, 9], "texture": "#6"},
				"down": {"uv": [10.75, 10.5, 10.5, 11.75], "texture": "#6"}
			}
		},
		{
			"from": [11.2, 7.25, 5.25],
			"to": [11.7, 9.75, 5.5],
			"rotation": {"angle": 0, "axis": "y", "origin": [4.7, 7.5, 1.5]},
			"faces": {
				"north": {"uv": [11, 0, 11.25, 1.25], "texture": "#6"},
				"east": {"uv": [1.5, 11, 1.75, 12.25], "texture": "#6"},
				"south": {"uv": [2, 11, 2.25, 12.25], "texture": "#6"},
				"west": {"uv": [5, 11, 5.25, 12.25], "texture": "#6"},
				"up": {"uv": [3.75, 12.25, 3.5, 12], "texture": "#6"},
				"down": {"uv": [12.25, 3.5, 12, 3.75], "texture": "#6"}
			}
		},
		{
			"from": [11.2, 7.25, 2.5],
			"to": [11.7, 9.75, 2.75],
			"rotation": {"angle": 0, "axis": "y", "origin": [4.7, 7.5, -1.25]},
			"faces": {
				"north": {"uv": [5.5, 11, 5.75, 12.25], "texture": "#6"},
				"east": {"uv": [6, 11, 6.25, 12.25], "texture": "#6"},
				"south": {"uv": [6.5, 11, 6.75, 12.25], "texture": "#6"},
				"west": {"uv": [7, 11, 7.25, 12.25], "texture": "#6"},
				"up": {"uv": [4.25, 12.25, 4, 12], "texture": "#6"},
				"down": {"uv": [12.25, 4, 12, 4.25], "texture": "#6"}
			}
		},
		{
			"from": [11.2, 9.75, 2.75],
			"to": [11.7, 10, 5.25],
			"rotation": {"angle": 0, "axis": "y", "origin": [4.7, 7.5, 0.75]},
			"faces": {
				"north": {"uv": [4.5, 12, 4.75, 12.25], "texture": "#6"},
				"east": {"uv": [11, 1.5, 12.25, 1.75], "texture": "#6"},
				"south": {"uv": [12, 4.5, 12.25, 4.75], "texture": "#6"},
				"west": {"uv": [7.5, 11, 8.75, 11.25], "texture": "#6"},
				"up": {"uv": [11.25, 9.75, 11, 8.5], "texture": "#6"},
				"down": {"uv": [9.25, 11, 9, 12.25], "texture": "#6"}
			}
		},
		{
			"from": [11.2, 7, 2.75],
			"to": [11.7, 7.25, 5.25],
			"rotation": {"angle": 0, "axis": "y", "origin": [4.7, 4.75, 0.75]},
			"faces": {
				"north": {"uv": [12, 5, 12.25, 5.25], "texture": "#6"},
				"east": {"uv": [11, 10, 12.25, 10.25], "texture": "#6"},
				"south": {"uv": [12, 5.5, 12.25, 5.75], "texture": "#6"},
				"west": {"uv": [11, 10.5, 12.25, 10.75], "texture": "#6"},
				"up": {"uv": [9.75, 12.25, 9.5, 11], "texture": "#6"},
				"down": {"uv": [10.25, 11, 10, 12.25], "texture": "#6"}
			}
		},
		{
			"from": [4.2, 7.5, 6],
			"to": [5.2, 9.5, 10],
			"rotation": {"angle": 0, "axis": "y", "origin": [4.2, 7.5, 7.5]},
			"faces": {
				"north": {"uv": [1.5, 10, 2, 11], "texture": "#6"},
				"east": {"uv": [3.5, 7, 5.5, 8], "texture": "#6"},
				"south": {"uv": [2, 10, 2.5, 11], "texture": "#6"},
				"west": {"uv": [7, 5, 9, 6], "texture": "#6"},
				"up": {"uv": [4, 10, 3.5, 8], "texture": "#6"},
				"down": {"uv": [4.5, 8, 4, 10], "texture": "#6"}
			}
		},
		{
			"from": [5.2, 9.5, 6.5],
			"to": [11.2, 10.21, 7],
			"rotation": {"angle": 45, "axis": "x", "origin": [5.2, 9.5, 6.5]},
			"faces": {
				"north": {"uv": [4.5, 8.5, 7.5, 8.75], "texture": "#6"},
				"east": {"uv": [7.5, 12, 7.75, 12.25], "texture": "#6"},
				"south": {"uv": [9, 2, 12, 2.25], "texture": "#6"},
				"west": {"uv": [8, 12, 8.25, 12.25], "texture": "#6"},
				"up": {"uv": [12, 2.75, 9, 2.5], "texture": "#6"},
				"down": {"uv": [12, 3, 9, 3.25], "texture": "#6"}
			}
		},
		{
			"from": [5.2, 9.15, 9.15],
			"to": [11.2, 9.86, 9.65],
			"rotation": {"angle": -45, "axis": "x", "origin": [5.2, 9.15, 9.15]},
			"faces": {
				"north": {"uv": [9, 3.5, 12, 3.75], "texture": "#6"},
				"east": {"uv": [12, 8.5, 12.25, 8.75], "texture": "#6"},
				"south": {"uv": [9, 4, 12, 4.25], "texture": "#6"},
				"west": {"uv": [12, 9, 12.25, 9.25], "texture": "#6"},
				"up": {"uv": [7.5, 9.25, 4.5, 9], "texture": "#6"},
				"down": {"uv": [12, 4.5, 9, 4.75], "texture": "#6"}
			}
		},
		{
			"from": [4.2, 8.725, 9.15],
			"to": [5.2, 10.135, 10.15],
			"rotation": {"angle": -45, "axis": "x", "origin": [4.2, 8.925, 9.15]},
			"faces": {
				"north": {"uv": [5, 10, 5.5, 10.75], "texture": "#6"},
				"east": {"uv": [5.5, 10, 6, 10.75], "texture": "#6"},
				"south": {"uv": [6, 10, 6.5, 10.75], "texture": "#6"},
				"west": {"uv": [6.5, 10, 7, 10.75], "texture": "#6"},
				"up": {"uv": [7, 7.5, 6.5, 7], "texture": "#6"},
				"down": {"uv": [8, 8.5, 7.5, 9], "texture": "#6"}
			}
		},
		{
			"from": [4.2, 9.45, 6.15],
			"to": [5.2, 10.86, 7.15],
			"rotation": {"angle": 45, "axis": "x", "origin": [4.2, 9.65, 6.15]},
			"faces": {
				"north": {"uv": [7, 10, 7.5, 10.75], "texture": "#6"},
				"east": {"uv": [7.5, 10, 8, 10.75], "texture": "#6"},
				"south": {"uv": [8, 10, 8.5, 10.75], "texture": "#6"},
				"west": {"uv": [8.5, 10, 9, 10.75], "texture": "#6"},
				"up": {"uv": [12, 1.5, 11.5, 1], "texture": "#6"},
				"down": {"uv": [3, 11.5, 2.5, 12], "texture": "#6"}
			}
		},
		{
			"from": [4.2, 6.425, 6.85],
			"to": [5.2, 7.835, 7.85],
			"rotation": {"angle": -45, "axis": "x", "origin": [4.2, 6.625, 6.85]},
			"faces": {
				"north": {"uv": [9, 10, 9.5, 10.75], "texture": "#6"},
				"east": {"uv": [9.5, 10, 10, 10.75], "texture": "#6"},
				"south": {"uv": [10, 10, 10.5, 10.75], "texture": "#6"},
				"west": {"uv": [10.5, 0, 11, 0.75], "texture": "#6"},
				"up": {"uv": [3.5, 12, 3, 11.5], "texture": "#6"},
				"down": {"uv": [4, 11.5, 3.5, 12], "texture": "#6"}
			}
		},
		{
			"from": [4.2, 7.15, 8.45],
			"to": [5.2, 8.56, 9.45],
			"rotation": {"angle": 45, "axis": "x", "origin": [4.2, 7.35, 8.45]},
			"faces": {
				"north": {"uv": [10.5, 1, 11, 1.75], "texture": "#6"},
				"east": {"uv": [2.5, 10.5, 3, 11.25], "texture": "#6"},
				"south": {"uv": [3, 10.5, 3.5, 11.25], "texture": "#6"},
				"west": {"uv": [3.5, 10.5, 4, 11.25], "texture": "#6"},
				"up": {"uv": [8, 12, 7.5, 11.5], "texture": "#6"},
				"down": {"uv": [8.5, 11.5, 8, 12], "texture": "#6"}
			}
		},
		{
			"from": [5.2, 7.35, 8.65],
			"to": [11.2, 8.06, 9.15],
			"rotation": {"angle": 45, "axis": "x", "origin": [5.2, 7.35, 8.65]},
			"faces": {
				"north": {"uv": [9, 5, 12, 5.25], "texture": "#6"},
				"east": {"uv": [12, 9.5, 12.25, 9.75], "texture": "#6"},
				"south": {"uv": [9, 5.5, 12, 5.75], "texture": "#6"},
				"west": {"uv": [10.5, 12, 10.75, 12.25], "texture": "#6"},
				"up": {"uv": [10.5, 9.25, 7.5, 9], "texture": "#6"},
				"down": {"uv": [7.5, 9.5, 4.5, 9.75], "texture": "#6"}
			}
		},
		{
			"from": [5.2, 7, 7],
			"to": [11.2, 7.71, 7.5],
			"rotation": {"angle": -45, "axis": "x", "origin": [5.2, 7, 7]},
			"faces": {
				"north": {"uv": [9.5, 7, 12.5, 7.25], "texture": "#6"},
				"east": {"uv": [12, 11, 12.25, 11.25], "texture": "#6"},
				"south": {"uv": [7.5, 9.5, 10.5, 9.75], "texture": "#6"},
				"west": {"uv": [12, 11.5, 12.25, 11.75], "texture": "#6"},
				"up": {"uv": [12.5, 7.75, 9.5, 7.5], "texture": "#6"},
				"down": {"uv": [12.5, 8, 9.5, 8.25], "texture": "#6"}
			}
		}
	],
	"display": {}
}