{
	"format_version": "1.9.0",
	"credit": "Made with Blockbench",
	"texture_size": [64, 64],
	"textures": {
		"0": "minecraft:item/ter/modelter",
		"particle": "minecraft:item/ter/modelter"
	},
	"elements": [
		{
			"from": [5.5, 3, 5.5],
			"to": [10.5, 13, 10.5],
			"rotation": {"angle": -22.5, "axis": "x", "origin": [8, 8, 8]},
			"faces": {
				"north": {"uv": [6, 4, 7.25, 6.5], "texture": "#0"},
				"east": {"uv": [6, 6.5, 7.25, 9], "texture": "#0"},
				"south": {"uv": [7.25, 4, 8.5, 6.5], "texture": "#0"},
				"west": {"uv": [7.25, 6.5, 8.5, 9], "texture": "#0"},
				"up": {"uv": [9.25, 1.25, 8, 0], "texture": "#0"},
				"down": {"uv": [2.5, 8, 1.25, 9.25], "texture": "#0"}
			}
		}
	]
}