{
	"format_version": "1.9.0",
	"credit": "Made with Blockbench",
	"texture_size": [64, 64],
	"textures": {
		"5": "minecraft:item/modelter",
		"particle": "minecraft:item/modelter"
	},
	"elements": [
		{
			"from": [6, 3, 6],
			"to": [10, 13, 10],
			"rotation": {"angle": 22.5, "axis": "x", "origin": [8, 8, 8]},
			"faces": {
				"north": {"uv": [6, 4, 7.25, 6.5], "texture": "#5"},
				"east": {"uv": [6, 6.5, 7.25, 9], "texture": "#5"},
				"south": {"uv": [7.25, 4, 8.5, 6.5], "texture": "#5"},
				"west": {"uv": [7.25, 6.5, 8.5, 9], "texture": "#5"},
				"up": {"uv": [8, 0, 9.25, 1.25], "texture": "#5"},
				"down": {"uv": [1.25, 8, 2.5, 9.25], "texture": "#5"}
			}
		}
	]
}