{
	"format_version": "1.9.0",
	"credit": "Made with Blockbench",
	"texture_size": [64, 64],
	"textures": {
		"5": "minecraft:item/modelter",
		"particle": "minecraft:item/modelter"
	},
	"elements": [
		{
			"from": [5, 1.875, 3],
			"to": [11, 14.125, 13],
			"rotation": {"angle": 0, "axis": "y", "origin": [8, 8, 8]},
			"faces": {
				"north": {"uv": [2.5, 0, 4.5, 3.5], "texture": "#5"},
				"east": {"uv": [0, 0, 2.5, 3.5], "texture": "#5"},
				"south": {"uv": [2.5, 0, 4.5, 3.5], "texture": "#5"},
				"west": {"uv": [0, 0, 2.5, 3.5], "texture": "#5"},
				"up": {"uv": [2, 6, 0, 3.5], "texture": "#5"},
				"down": {"uv": [4, 3.5, 2, 6], "texture": "#5"}
			}
		}
	]
}