{
	"format_version": "1.9.0",
	"credit": "Made with Blockbench",
	"texture_size": [64, 64],
	"textures": {
		"0": "minecraft:item/modelter",
		"particle": "minecraft:item/modelter"
	},
	"elements": [
		{
			"from": [4, 1, 3],
			"to": [12, 15, 13],
			"rotation": {"angle": 0, "axis": "y", "origin": [8, 8, 8]},
			"faces": {
				"north": {"uv": [2.5, 0, 4.5, 3.5], "texture": "#0"},
				"east": {"uv": [0, 0, 2.5, 3.5], "texture": "#0"},
				"south": {"uv": [2.5, 0, 4.5, 3.5], "texture": "#0"},
				"west": {"uv": [0, 0, 2.5, 3.5], "texture": "#0"},
				"up": {"uv": [2, 6, 0, 3.5], "texture": "#0"},
				"down": {"uv": [4, 3.5, 2, 6], "texture": "#0"}
			}
		}
	]
}