{
	"format_version": "1.9.0",
	"credit": "Made with Blockbench",
	"texture_size": [64, 64],
	"textures": {
		"0": "minecraft:item/modelter",
		"particle": "minecraft:item/modelter"
	},
	"elements": [
		{
			"from": [4, 4, 4],
			"to": [12, 12, 12],
			"rotation": {"angle": 0, "axis": "y", "origin": [8, 8, 8]},
			"faces": {
				"north": {"uv": [4, 3.5, 6, 5.5], "texture": "#0"},
				"east": {"uv": [4.5, 0, 6.5, 2], "texture": "#0"},
				"south": {"uv": [4, 5.5, 6, 7.5], "texture": "#0"},
				"west": {"uv": [0, 6, 2, 8], "texture": "#0"},
				"up": {"uv": [4, 8, 2, 6], "texture": "#0"},
				"down": {"uv": [8, 2, 6, 4], "texture": "#0"}
			}
		}
	]
}