{
	"format_version": "1.9.0",
	"credit": "Made with Blockbench",
	"texture_size": [64, 64],
	"textures": {
		"0": "minecraft:item/modelter",
		"particle": "minecraft:item/modelter"
	},
	"elements": [
		{
			"from": [5, 7, 5.5],
			"to": [11, 9, 10.5],
			"rotation": {"angle": 0, "axis": "y", "origin": [8, 8, 8]},
			"faces": {
				"north": {"uv": [6.5, 1.25, 8, 1.75], "texture": "#0"},
				"east": {"uv": [8.5, 5.5, 9.75, 6], "texture": "#0"},
				"south": {"uv": [8.5, 5, 10, 5.5], "texture": "#0"},
				"west": {"uv": [8.5, 6, 9.75, 6.5], "texture": "#0"},
				"up": {"uv": [4.5, 2, 6, 3.25], "texture": "#0"},
				"down": {"uv": [6.5, 0, 8, 1.25], "texture": "#0"}
			}
		}
	]
}