{
	"format_version": "1.9.0",
	"credit": "Made with Blockbench",
	"texture_size": [64, 64],
	"textures": {
		"0": "minecraft:item/ter/modelter",
		"particle": "minecraft:item/ter/modelter"
	},
	"elements": [
		{
			"from": [6, 5.5, 5.5],
			"to": [10, 10.5, 10.5],
			"rotation": {"angle": 22.5, "axis": "z", "origin": [8, 8, 8]},
			"faces": {
				"north": {"uv": [8, 1.25, 9, 2.5], "texture": "#0"},
				"east": {"uv": [4, 7.5, 5.25, 8.75], "texture": "#0"},
				"south": {"uv": [2.5, 8, 3.5, 9.25], "texture": "#0"},
				"west": {"uv": [0, 8, 1.25, 9.25], "texture": "#0"},
				"up": {"uv": [8, 2.5, 9, 3.75], "texture": "#0"},
				"down": {"uv": [8.5, 3.75, 9.5, 5], "texture": "#0"}
			}
		}
	]
}