{
	"format_version": "1.9.0",
	"credit": "Made with Blockbench",
	"texture_size": [32, 32],
	"textures": {
		"3": "minecraft:item/glock/glockgun",
		"particle": "minecraft:item/hands/handter"
	},
	"elements": [
		{
			"from": [7.01, 0, 0.5],
			"to": [9.99, 7, 4],
			"rotation": {"angle": 22.5, "axis": "x", "origin": [7, 0, 1]},
			"faces": {
				"north": {"uv": [2, 5.25, 2.75, 7], "texture": "#3"},
				"east": {"uv": [5, 2.5, 5.875, 4.25], "texture": "#3"},
				"south": {"uv": [2.75, 5.25, 3.5, 7], "texture": "#3"},
				"west": {"uv": [5, 4.25, 5.875, 6], "texture": "#3"},
				"up": {"uv": [4.25, 6.125, 3.5, 5.25], "texture": "#3"},
				"down": {"uv": [5, 5.25, 4.25, 6.125], "texture": "#3"}
			}
		},
		{
			"from": [7, 5, 0],
			"to": [10, 6, 15],
			"rotation": {"angle": 0, "axis": "y", "origin": [7, 5, 0]},
			"faces": {
				"north": {"uv": [6.5, 5, 7.25, 5.25], "texture": "#3"},
				"east": {"uv": [6, 2.5, 9.75, 2.75], "texture": "#3"},
				"south": {"uv": [6.5, 5.25, 7.25, 5.5], "texture": "#3"},
				"west": {"uv": [6, 2.75, 9.75, 3], "texture": "#3"},
				"up": {"uv": [2.75, 5.25, 2, 1.5], "texture": "#3"},
				"down": {"uv": [3.5, 1.5, 2.75, 5.25], "texture": "#3"}
			}
		},
		{
			"from": [7.02, 2.5, 5],
			"to": [9.98, 2.75, 8],
			"rotation": {"angle": 0, "axis": "y", "origin": [7, 3, 5]},
			"faces": {
				"north": {"uv": [6.75, 3.75, 7.5, 3.875], "texture": "#3"},
				"east": {"uv": [6.75, 4, 7.5, 4.125], "texture": "#3"},
				"south": {"uv": [6.75, 4.25, 7.5, 4.375], "texture": "#3"},
				"west": {"uv": [6, 6.75, 6.75, 6.875], "texture": "#3"},
				"up": {"uv": [6.75, 3.75, 6, 3], "texture": "#3"},
				"down": {"uv": [6.75, 3.75, 6, 4.5], "texture": "#3"}
			}
		},
		{
			"from": [7.04, 2.5, 8],
			"to": [9.98, 5, 8.25],
			"rotation": {"angle": 0, "axis": "y", "origin": [7, 3, 8]},
			"faces": {
				"north": {"uv": [3.5, 6.25, 4.25, 6.875], "texture": "#3"},
				"east": {"uv": [0, 7.25, 0.125, 7.875], "texture": "#3"},
				"south": {"uv": [4.25, 6.25, 5, 6.875], "texture": "#3"},
				"west": {"uv": [0.25, 7.25, 0.375, 7.875], "texture": "#3"},
				"up": {"uv": [7.5, 6.625, 6.75, 6.5], "texture": "#3"},
				"down": {"uv": [7.5, 6.75, 6.75, 6.875], "texture": "#3"}
			}
		},
		{
			"from": [7, 4, 6.1],
			"to": [10, 5, 6.6],
			"rotation": {"angle": 0, "axis": "y", "origin": [7, 4, 6]},
			"faces": {
				"north": {"uv": [6.5, 5.5, 7.25, 5.75], "texture": "#3"},
				"east": {"uv": [1, 7.25, 1.125, 7.5], "texture": "#3"},
				"south": {"uv": [6.5, 5.75, 7.25, 6], "texture": "#3"},
				"west": {"uv": [1.25, 7.25, 1.375, 7.5], "texture": "#3"},
				"up": {"uv": [0.75, 7.125, 0, 7], "texture": "#3"},
				"down": {"uv": [1.5, 7, 0.75, 7.125], "texture": "#3"}
			}
		},
		{
			"from": [7.01, 3.3, 6.55],
			"to": [9.99, 4.3, 7.05],
			"rotation": {"angle": -22.5, "axis": "x", "origin": [7, 3, 7]},
			"faces": {
				"north": {"uv": [6, 6.5, 6.75, 6.75], "texture": "#3"},
				"east": {"uv": [1.5, 7.25, 1.625, 7.5], "texture": "#3"},
				"south": {"uv": [6.5, 6, 7.25, 6.25], "texture": "#3"},
				"west": {"uv": [1.75, 7.25, 1.875, 7.5], "texture": "#3"},
				"up": {"uv": [2.25, 7.125, 1.5, 7], "texture": "#3"},
				"down": {"uv": [3, 7, 2.25, 7.125], "texture": "#3"}
			}
		},
		{
			"from": [7.02, 4, 2.1],
			"to": [9.98, 5, 3.1],
			"rotation": {"angle": 0, "axis": "y", "origin": [7, 4, 2]},
			"faces": {
				"north": {"uv": [6.5, 6.25, 7.25, 6.5], "texture": "#3"},
				"east": {"uv": [0.5, 7.25, 0.75, 7.5], "texture": "#3"},
				"south": {"uv": [6.75, 3, 7.5, 3.25], "texture": "#3"},
				"west": {"uv": [0.75, 7.25, 1, 7.5], "texture": "#3"},
				"up": {"uv": [7.5, 3.5, 6.75, 3.25], "texture": "#3"},
				"down": {"uv": [7.5, 3.5, 6.75, 3.75], "texture": "#3"}
			}
		},
		{
			"from": [7.04, 4.4, 2.5],
			"to": [9.98, 4.9, 2.8],
			"rotation": {"angle": -45, "axis": "x", "origin": [7, 4, 2]},
			"faces": {
				"north": {"uv": [3, 7, 3.75, 7.125], "texture": "#3"},
				"east": {"uv": [4, 7.25, 4.125, 7.375], "texture": "#3"},
				"south": {"uv": [3.75, 7, 4.5, 7.125], "texture": "#3"},
				"west": {"uv": [4.25, 7.25, 4.375, 7.375], "texture": "#3"},
				"up": {"uv": [5.25, 7.125, 4.5, 7], "texture": "#3"},
				"down": {"uv": [7.75, 4.5, 7, 4.625], "texture": "#3"}
			}
		},
		{
			"from": [7.06, 3, 7],
			"to": [9.96, 3.5, 7.25],
			"rotation": {"angle": 45, "axis": "x", "origin": [8, 2, 7]},
			"faces": {
				"north": {"uv": [7, 4.75, 7.75, 4.875], "texture": "#3"},
				"east": {"uv": [4.5, 7.25, 4.625, 7.375], "texture": "#3"},
				"south": {"uv": [5.25, 7, 6, 7.125], "texture": "#3"},
				"west": {"uv": [4.75, 7.25, 4.875, 7.375], "texture": "#3"},
				"up": {"uv": [6.75, 7.125, 6, 7], "texture": "#3"},
				"down": {"uv": [7.5, 7, 6.75, 7.125], "texture": "#3"}
			}
		}
	],
	"display": {
		"firstperson_righthand": {
			"rotation": [0, -180, 0],
			"translation": [0, 6.75, -3],
			"scale": [0.8, 0.8, 0.8]
		}
	}
}