{
	"format_version": "1.9.0",
	"credit": "Made with Blockbench",
	"texture_size": [32, 32],
	"textures": {
		"4": "minecraft:item/handter",
		"particle": "minecraft:item/handter"
	},
	"elements": [
		{
			"from": [6.75, 2, -16],
			"to": [10.25, 5, 7],
			"rotation": {"angle": 0, "axis": "y", "origin": [7, 2, -16]},
			"faces": {
				"north": {"uv": [4, 3, 6, 4.5], "texture": "#4"},
				"east": {"uv": [4, 0, 15.5, 1.5], "texture": "#4"},
				"south": {"uv": [4, 4.5, 6, 6], "texture": "#4"},
				"west": {"uv": [4, 1.5, 15.5, 3], "texture": "#4"},
				"up": {"uv": [2, 11.5, 0, 0], "texture": "#4"},
				"down": {"uv": [4, 0, 2, 11.5], "texture": "#4"}
			}
		}
	]
}