{
	"format_version": "1.9.0",
	"credit": "Made with Blockbench",
	"texture_size": [32, 32],
	"textures": {
		"4": "minecraft:item/hands/handter",
		"particle": "minecraft:item/hands/handter"
	},
	"elements": [
		{
			"from": [23.5, 1.5, -10],
			"to": [27, 4.5, 13],
			"rotation": {"angle": -45, "axis": "y", "origin": [24, 2, -10]},
			"faces": {
				"north": {"uv": [4, 3, 6, 4.5], "texture": "#4"},
				"east": {"uv": [4, 0, 15.5, 1.5], "texture": "#4"},
				"south": {"uv": [4, 4.5, 6, 6], "texture": "#4"},
				"west": {"uv": [4, 1.5, 15.5, 3], "texture": "#4"},
				"up": {"uv": [2, 11.5, 0, 0], "texture": "#4"},
				"down": {"uv": [4, 0, 2, 11.5], "texture": "#4"}
			}
		}
	],
	"display": {
		"firstperson_righthand": {
			"rotation": [0, -180, 0],
			"translation": [0, 6.75, -3],
			"scale": [0.8, 0.8, 0.8]
		}
	}
}