{
	"format_version": "1.9.0",
	"credit": "Made with Blockbench",
	"texture_size": [32, 32],
	"textures": {
		"3": "minecraft:item/glock/glockgun",
		"particle": "minecraft:item/glock/glockgun"
	},
	"elements": [
		{
			"from": [7, 6, 0],
			"to": [10, 8, 15],
			"rotation": {"angle": 0, "axis": "y", "origin": [7, 6, 0]},
			"faces": {
				"north": {"uv": [0, 6.5, 0.75, 7], "texture": "#3"},
				"east": {"uv": [5, 1.5, 8.75, 2], "texture": "#3"},
				"south": {"uv": [0.75, 6.5, 1.5, 7], "texture": "#3"},
				"west": {"uv": [5, 2, 8.75, 2.5], "texture": "#3"},
				"up": {"uv": [4.25, 5.25, 3.5, 1.5], "texture": "#3"},
				"down": {"uv": [5, 1.5, 4.25, 5.25], "texture": "#3"}
			}
		},
		{
			"from": [9.5, 7.7, 1],
			"to": [9.75, 8.2, 1.5],
			"rotation": {"angle": 22.5, "axis": "z", "origin": [9, 8, 1]},
			"faces": {
				"north": {"uv": [5, 7.25, 5.125, 7.375], "texture": "#3"},
				"east": {"uv": [7.25, 5, 7.375, 5.125], "texture": "#3"},
				"south": {"uv": [5.25, 7.25, 5.375, 7.375], "texture": "#3"},
				"west": {"uv": [7.25, 5.25, 7.375, 5.375], "texture": "#3"},
				"up": {"uv": [5.625, 7.375, 5.5, 7.25], "texture": "#3"},
				"down": {"uv": [7.375, 5.5, 7.25, 5.625], "texture": "#3"}
			}
		},
		{
			"from": [7.99, 7.9, 1],
			"to": [8.24, 8.4, 1.5],
			"rotation": {"angle": 22.5, "axis": "z", "origin": [8, 8, 1]},
			"faces": {
				"north": {"uv": [2, 7.5, 2.125, 7.625], "texture": "#3"},
				"east": {"uv": [2.25, 7.5, 2.375, 7.625], "texture": "#3"},
				"south": {"uv": [2.5, 7.5, 2.625, 7.625], "texture": "#3"},
				"west": {"uv": [2.75, 7.5, 2.875, 7.625], "texture": "#3"},
				"up": {"uv": [3.125, 7.625, 3, 7.5], "texture": "#3"},
				"down": {"uv": [7.625, 3, 7.5, 3.125], "texture": "#3"}
			}
		},
		{
			"from": [7.5, 8.13, 1],
			"to": [7.75, 8.63, 1.5],
			"rotation": {"angle": -22.5, "axis": "z", "origin": [7, 9, 1]},
			"faces": {
				"north": {"uv": [6.25, 7.25, 6.375, 7.375], "texture": "#3"},
				"east": {"uv": [7.25, 6.25, 7.375, 6.375], "texture": "#3"},
				"south": {"uv": [6.5, 7.25, 6.625, 7.375], "texture": "#3"},
				"west": {"uv": [5.25, 7.25, 5.375, 7.375], "texture": "#3"},
				"up": {"uv": [7.125, 7.375, 7, 7.25], "texture": "#3"},
				"down": {"uv": [7.375, 7.25, 7.25, 7.375], "texture": "#3"}
			}
		},
		{
			"from": [9, 8.34, 1],
			"to": [9.25, 8.84, 1.5],
			"rotation": {"angle": -22.5, "axis": "z", "origin": [8, 9, 1]},
			"faces": {
				"north": {"uv": [2.25, 7.25, 2.375, 7.375], "texture": "#3"},
				"east": {"uv": [0, 0, 2, 2], "texture": "#missing"},
				"south": {"uv": [2, 7.25, 2.125, 7.375], "texture": "#3"},
				"west": {"uv": [2.125, 7.25, 2.25, 7.375], "texture": "#3"},
				"up": {"uv": [1, 10, 0, 8], "texture": "#missing"},
				"down": {"uv": [9, 0, 8, 2], "texture": "#missing"}
			}
		},
		{
			"from": [8.86, 8, 1],
			"to": [9.614, 8.47, 1.5],
			"rotation": {"angle": 0, "axis": "y", "origin": [8, 8, 1]},
			"faces": {
				"north": {"uv": [2, 7.25, 2.25, 7.375], "texture": "#3"},
				"east": {"uv": [5.75, 7.25, 5.875, 7.375], "texture": "#3"},
				"south": {"uv": [2.25, 7.25, 2.5, 7.375], "texture": "#3"},
				"west": {"uv": [7.25, 5.75, 7.375, 5.875], "texture": "#3"},
				"up": {"uv": [2.75, 7.375, 2.5, 7.25], "texture": "#3"},
				"down": {"uv": [3, 7.25, 2.75, 7.375], "texture": "#3"}
			}
		},
		{
			"from": [7.32, 8, 1],
			"to": [8.07, 8.47, 1.5],
			"rotation": {"angle": 0, "axis": "y", "origin": [7, 8, 1]},
			"faces": {
				"north": {"uv": [3, 7.25, 3.25, 7.375], "texture": "#3"},
				"east": {"uv": [6, 7.25, 6.125, 7.375], "texture": "#3"},
				"south": {"uv": [3.25, 7.25, 3.5, 7.375], "texture": "#3"},
				"west": {"uv": [7.25, 6, 7.375, 6.125], "texture": "#3"},
				"up": {"uv": [3.75, 7.375, 3.5, 7.25], "texture": "#3"},
				"down": {"uv": [4, 7.25, 3.75, 7.375], "texture": "#3"}
			}
		}
	]
}