{
	"format_version": "1.9.0",
	"credit": "Made with Blockbench",
	"texture_size": [32, 32],
	"textures": {
		"3": "minecraft:item/glock/glockgun",
		"particle": "minecraft:item/glock/glockgun"
	},
	"elements": [
		{
			"from": [7.5, 0, 1.75],
			"to": [9.5, 4, 3.75],
			"rotation": {"angle": 22.5, "axis": "x", "origin": [7, 0, 3]},
			"faces": {
				"north": {"uv": [6, 4.5, 6.5, 5.5], "texture": "#3"},
				"east": {"uv": [5, 6, 5.5, 7], "texture": "#3"},
				"south": {"uv": [5.5, 6, 6, 7], "texture": "#3"},
				"west": {"uv": [6, 5.5, 6.5, 6.5], "texture": "#3"},
				"up": {"uv": [2, 7, 1.5, 6.5], "texture": "#3"},
				"down": {"uv": [7, 4.5, 6.5, 5], "texture": "#3"}
			}
		}
	]
}