{
	"format_version": "1.9.0",
	"credit": "Made with Blockbench",
	"texture_size": [32, 32],
	"textures": {
		"3": "item/ssg08",
		"particle": "item/ssg08"
	},
	"elements": [
		{
			"from": [7.4375, 8, 10.25],
			"to": [8.5625, 9, 16],
			"rotation": {"angle": 0, "axis": "y", "origin": [8.5625, 8, 16]},
			"faces": {
				"north": {"uv": [3, 7.5, 3.625, 8], "texture": "#3"},
				"east": {"uv": [3, 0, 5.875, 0.5], "texture": "#3"},
				"south": {"uv": [7.5, 1, 8.125, 1.5], "texture": "#3"},
				"west": {"uv": [5.875, 0, 3, 0.5], "texture": "#3"},
				"up": {"uv": [0, 2.875, 0.625, 0], "texture": "#3"},
				"down": {"uv": [1, 0, 1.625, 2.875], "texture": "#3"}
			}
		},
		{
			"from": [7.4375, 8.5, 6.75],
			"to": [8.5625, 9, 10.25],
			"rotation": {"angle": 0, "axis": "y", "origin": [8.5625, 8.5, 10.25]},
			"faces": {
				"east": {"uv": [6, 3.5, 7.75, 3.75], "texture": "#3"},
				"west": {"uv": [7.75, 3.5, 6, 3.75], "texture": "#3"},
				"up": {"uv": [3, 2.75, 3.625, 1], "texture": "#3"},
				"down": {"uv": [1.5, 3, 2.125, 4.75], "texture": "#3"}
			}
		},
		{
			"from": [7.4375, 7.75, 1],
			"to": [8.5625, 8.25, 6.75],
			"rotation": {"angle": 0, "axis": "y", "origin": [8.5625, 7.75, 6.75]},
			"faces": {
				"east": {"uv": [6, 0, 8.875, 0.25], "texture": "#3"},
				"west": {"uv": [8.875, 0, 6, 0.25], "texture": "#3"},
				"up": {"uv": [2, 2.875, 2.625, 0], "texture": "#3"},
				"down": {"uv": [0, 3, 0.625, 5.875], "texture": "#3"}
			}
		},
		{
			"from": [7.4425, 10.01081, 3.83308],
			"to": [8.5575, 11.26081, 4.08308],
			"rotation": {"angle": 45, "axis": "x", "origin": [7.83799, 6.60938, 2.5625]},
			"faces": {
				"north": {"uv": [0, 7, 0.625, 7.625], "texture": "#3"},
				"east": {"uv": [9, 9.5, 9.125, 10.125], "texture": "#3"},
				"west": {"uv": [9, 9.5, 9.125, 10.125], "texture": "#3"}
			}
		},
		{
			"from": [7.4425, 10.26081, 4.08308],
			"to": [8.5575, 11.26081, 4.33308],
			"rotation": {"angle": 45, "axis": "x", "origin": [7.83799, 6.60938, 2.5625]},
			"faces": {
				"east": {"uv": [0.5, 10.5, 0.625, 11], "texture": "#3"},
				"west": {"uv": [0.5, 10.5, 0.625, 11], "texture": "#3"}
			}
		},
		{
			"from": [7.4425, 10.51081, 4.33308],
			"to": [8.5575, 11.51081, 4.58308],
			"rotation": {"angle": 45, "axis": "x", "origin": [7.83799, 6.60938, 2.5625]},
			"faces": {
				"east": {"uv": [10.5, 0.5, 10.625, 1], "texture": "#3"},
				"west": {"uv": [10.5, 0.5, 10.625, 1], "texture": "#3"}
			}
		},
		{
			"from": [7.4425, 10.37693, 4.58308],
			"to": [8.5575, 11.51081, 4.71697],
			"rotation": {"angle": 45, "axis": "x", "origin": [7.83799, 6.60938, 2.5625]},
			"faces": {
				"east": {"uv": [9.5, 9.5, 9.625, 10.125], "texture": "#3"},
				"south": {"uv": [7, 1.5, 7.625, 2.125], "texture": "#3"},
				"west": {"uv": [9.5, 9.5, 9.625, 10.125], "texture": "#3"}
			}
		},
		{
			"from": [7.5625, 8, 7],
			"to": [8.4375, 8.5, 10.25],
			"rotation": {"angle": 0, "axis": "y", "origin": [8.4375, 8, 10.25]},
			"faces": {
				"east": {"uv": [6.5, 3, 8.125, 3.25], "texture": "#3"},
				"west": {"uv": [8.125, 3, 6.5, 3.25], "texture": "#3"}
			}
		},
		{
			"from": [7.5625, 7, 5.5],
			"to": [8.4375, 8, 9.25],
			"rotation": {"angle": 0, "axis": "y", "origin": [8.4375, 7, 9.25]},
			"faces": {
				"north": {"uv": [8, 2, 8.5, 2.5], "texture": "#3"},
				"east": {"uv": [2.5, 3, 4.375, 3.5], "texture": "#3"},
				"west": {"uv": [4.375, 3, 2.5, 3.5], "texture": "#3"},
				"down": {"uv": [2.5, 3.5, 3, 5.375], "texture": "#3"}
			}
		},
		{
			"from": [7.5675, 11.61437, 6.26506],
			"to": [8.4325, 13.02858, 7.01506],
			"rotation": {"angle": 45, "axis": "x", "origin": [7.83799, 6.60938, 2.5625]},
			"faces": {
				"east": {"uv": [7.53516, 5, 7.91016, 5.75], "texture": "#3"},
				"south": {"uv": [4.5, 6.5, 5, 7.25], "texture": "#3"},
				"west": {"uv": [7.91016, 5, 7.53516, 5.75], "texture": "#3"}
			}
		},
		{
			"from": [7.5625, 7, 2.75],
			"to": [8.4375, 7.75, 3.75],
			"rotation": {"angle": 0, "axis": "y", "origin": [8.4375, 7, 3.75]},
			"faces": {
				"north": {"uv": [7, 8.5, 7.5, 8.875], "texture": "#3"},
				"east": {"uv": [8.5, 7, 9, 7.375], "texture": "#3"},
				"south": {"uv": [8.5, 4, 9, 4.375], "texture": "#3"},
				"west": {"uv": [9, 7, 8.5, 7.375], "texture": "#3"},
				"down": {"uv": [8.5, 7.25, 9, 7.375], "rotation": 90, "texture": "#3"}
			}
		},
		{
			"from": [7.5675, 5.72528, 2.12598],
			"to": [8.4325, 7.72528, 3.06348],
			"rotation": {"angle": 45, "axis": "x", "origin": [7.83799, 6.60938, 2.5625]},
			"faces": {
				"north": {"uv": [6, 1.5, 6.5, 2.5], "texture": "#3"},
				"east": {"uv": [6, 2.5, 6.5, 3.5], "texture": "#3"},
				"south": {"uv": [2.5, 5.5, 3, 6.5], "texture": "#3"},
				"west": {"uv": [6.5, 2.5, 6, 3.5], "texture": "#3"}
			}
		},
		{
			"from": [7.5625, 5.20963, 1.82087],
			"to": [8.4375, 5.95963, 3.07087],
			"rotation": {"angle": 22.5, "axis": "x", "origin": [7.83799, 6.60938, 2.5625]},
			"faces": {
				"north": {"uv": [8, 8.5, 8.5, 8.875], "texture": "#3"},
				"east": {"uv": [8, 5, 8.625, 5.375], "texture": "#3"},
				"south": {"uv": [8.5, 7.5, 9, 7.875], "texture": "#3"},
				"west": {"uv": [8.625, 5, 8, 5.375], "texture": "#3"},
				"down": {"uv": [4.5, 7.5, 5, 8.125], "texture": "#3"}
			}
		},
		{
			"from": [7.5725, 5.95963, 2.82087],
			"to": [8.4275, 6.58463, 3.07087],
			"rotation": {"angle": 22.5, "axis": "x", "origin": [7.83799, 6.60938, 2.5625]},
			"faces": {
				"east": {"uv": [6, 10.5, 6.125, 10.875], "texture": "#3"},
				"south": {"uv": [8.5, 8, 9, 8.375], "texture": "#3"},
				"west": {"uv": [6.125, 10.5, 6, 10.875], "texture": "#3"}
			}
		},
		{
			"from": [7.5625, 8.25, 4.5],
			"to": [8.4375, 9, 6.75],
			"rotation": {"angle": 0, "axis": "y", "origin": [8.4375, 8.25, 6.75]},
			"faces": {
				"east": {"uv": [6.5, 2.5, 7.625, 2.875], "texture": "#3"},
				"west": {"uv": [7.625, 2.5, 6.5, 2.875], "texture": "#3"},
				"up": {"uv": [4.5, 6.125, 5, 5], "texture": "#3"}
			}
		},
		{
			"from": [7.565, 7.32658, 3.26737],
			"to": [8.435, 8.07658, 5.26737],
			"rotation": {"angle": -22.5, "axis": "x", "origin": [7.83799, 6.60938, 2.5625]},
			"faces": {
				"east": {"uv": [5.5, 7, 6.5, 7.40235], "texture": "#3"},
				"west": {"uv": [6.5, 7, 5.5, 7.40235], "texture": "#3"},
				"up": {"uv": [4.5, 3.5, 5, 2.5], "texture": "#3"}
			}
		},
		{
			"from": [7.5625, 7.125, 3.75],
			"to": [8.4375, 7.75, 3.875],
			"rotation": {"angle": 0, "axis": "y", "origin": [8.4375, 7.125, 3.875]},
			"faces": {
				"east": {"uv": [10.5, 5.5, 10.625, 5.8125], "texture": "#3"},
				"south": {"uv": [7.5, 8.5, 8, 8.8125], "texture": "#3"},
				"west": {"uv": [10.5, 5.5, 10.625, 5.8125], "texture": "#3"}
			}
		},
		{
			"from": [7.5675, 7.81367, 3.03759],
			"to": [8.4325, 7.93867, 3.21436],
			"rotation": {"angle": 45, "axis": "x", "origin": [7.83799, 6.60938, 2.5625]},
			"faces": {
				"east": {"uv": [11.5, 5, 11.625, 5.125], "texture": "#3"},
				"west": {"uv": [11.5, 5, 11.625, 5.125], "texture": "#3"},
				"up": {"uv": [0, 10.625, 0.5, 10.5], "texture": "#3"},
				"down": {"uv": [10.5, 0, 11, 0.125], "texture": "#3"}
			}
		},
		{
			"from": [7.5625, 7, 3.875],
			"to": [8.4375, 7.125, 5.5],
			"rotation": {"angle": 0, "axis": "y", "origin": [8.4375, 7, 5.5]},
			"faces": {
				"east": {"uv": [9, 8, 9.875, 8.125], "texture": "#3"},
				"west": {"uv": [9.875, 8, 9, 8.125], "texture": "#3"},
				"up": {"uv": [1.5, 7.375, 2, 6.5], "texture": "#3"},
				"down": {"uv": [6.5, 1.5, 7, 2.375], "texture": "#3"}
			}
		},
		{
			"from": [7.90625, 8.10666, 3.67488],
			"to": [8.09375, 8.35666, 3.79988],
			"rotation": {"angle": 22.5, "axis": "x", "origin": [7.83799, 6.60938, 2.5625]},
			"faces": {
				"north": {"uv": [3, 11.5, 3.125, 11.625], "texture": "#3"},
				"east": {"uv": [11.5, 3, 11.625, 3.125], "texture": "#3"},
				"south": {"uv": [11.5, 2.5, 11.625, 2.625], "texture": "#3"},
				"west": {"uv": [11.5, 3, 11.625, 3.125], "texture": "#3"}
			}
		},
		{
			"from": [7.9077, 7.317, 4.16319],
			"to": [8.0902, 7.567, 4.28819],
			"rotation": {"angle": 0, "axis": "y", "origin": [8.0902, 7.317, 4.28819]},
			"faces": {
				"north": {"uv": [11.5, 3.5, 11.625, 3.625], "texture": "#3"},
				"east": {"uv": [4, 11.5, 4.125, 11.625], "texture": "#3"},
				"south": {"uv": [3.5, 11.5, 3.625, 11.625], "texture": "#3"},
				"west": {"uv": [4, 11.5, 4.125, 11.625], "texture": "#3"}
			}
		},
		{
			"from": [7.90625, 6.52557, 4.31214],
			"to": [8.09375, 6.65057, 4.43714],
			"rotation": {"angle": -22.5, "axis": "x", "origin": [7.83799, 6.60938, 2.5625]},
			"faces": {
				"north": {"uv": [4.5, 11.5, 4.625, 11.625], "texture": "#3"},
				"east": {"uv": [11.5, 4.5, 11.625, 4.625], "texture": "#3"},
				"south": {"uv": [11.5, 4, 11.625, 4.125], "texture": "#3"},
				"west": {"uv": [11.5, 4.5, 11.625, 4.625], "texture": "#3"},
				"down": {"uv": [5, 11.5, 5.125, 11.625], "texture": "#3"}
			}
		},
		{
			"from": [9.54387, 8.08614, 10.75],
			"to": [9.91887, 8.46114, 20.75],
			"rotation": {"angle": 45, "axis": "z", "origin": [7.83799, 6.60938, 2.5625]},
			"faces": {
				"east": {"uv": [3, 0.5, 8, 0.75], "texture": "#3"},
				"west": {"uv": [1.25, 8, 1, 3], "rotation": 90, "texture": "#3"},
				"up": {"uv": [8, 0.75, 3, 0.5], "rotation": 90, "texture": "#3"},
				"down": {"uv": [1, 3, 1.25, 8], "texture": "#3"}
			}
		},
		{
			"from": [9.48137, 8.02364, 10],
			"to": [9.98137, 8.52364, 10.75],
			"rotation": {"angle": 45, "axis": "z", "origin": [7.83799, 6.60938, 2.5625]},
			"faces": {
				"east": {"uv": [2.5, 9.5, 2.875, 9.75], "texture": "#3"},
				"south": {"uv": [10, 3.5, 10.25, 3.75], "texture": "#3"},
				"west": {"uv": [9.75, 3.375, 9.5, 3], "rotation": 90, "texture": "#3"},
				"up": {"uv": [2.875, 9.75, 2.5, 9.5], "rotation": 90, "texture": "#3"},
				"down": {"uv": [9.5, 3, 9.75, 3.375], "texture": "#3"}
			}
		},
		{
			"from": [7.71875, 8.78125, 20.75],
			"to": [8.28125, 9.46875, 21.5],
			"rotation": {"angle": 0, "axis": "y", "origin": [8.28125, 8.78125, 21.5]},
			"faces": {
				"north": {"uv": [9.5, 3.5, 9.75, 3.875], "texture": "#3"},
				"east": {"uv": [9, 3, 9.375, 3.375], "texture": "#3"},
				"south": {"uv": [3.5, 9.5, 3.75, 9.875], "texture": "#3"},
				"west": {"uv": [9.375, 3, 9, 3.375], "texture": "#3"},
				"up": {"uv": [4, 9.875, 4.25, 9.5], "texture": "#3"},
				"down": {"uv": [9.5, 4, 9.75, 4.375], "texture": "#3"}
			}
		},
		{
			"from": [9.48137, 8.02364, 21.75],
			"to": [9.98137, 8.52364, 22.75],
			"rotation": {"angle": 45, "axis": "z", "origin": [7.83799, 6.60938, 2.5625]},
			"faces": {
				"north": {"uv": [10, 4, 10.25, 4.25], "texture": "#3"},
				"east": {"uv": [5, 9, 5.5, 9.25], "texture": "#3"},
				"south": {"uv": [4, 10, 4.25, 10.25], "texture": "#3"},
				"west": {"uv": [9.25, 5.5, 9, 5], "rotation": 90, "texture": "#3"},
				"up": {"uv": [5.5, 9.25, 5, 9], "rotation": 90, "texture": "#3"},
				"down": {"uv": [9, 5, 9.25, 5.5], "texture": "#3"}
			}
		},
		{
			"from": [9.54387, 8.08614, 21.5],
			"to": [9.91887, 8.46114, 21.75],
			"rotation": {"angle": 45, "axis": "z", "origin": [7.83799, 6.60938, 2.5625]},
			"faces": {
				"east": {"uv": [7.5, 10.5, 7.625, 10.75], "texture": "#3"},
				"west": {"uv": [10.75, 7.625, 10.5, 7.5], "rotation": 90, "texture": "#3"},
				"up": {"uv": [7.625, 10.75, 7.5, 10.5], "rotation": 90, "texture": "#3"},
				"down": {"uv": [10.5, 7.5, 10.75, 7.625], "texture": "#3"}
			}
		},
		{
			"from": [7.625, 9, 5.75],
			"to": [8.375, 9.25, 7],
			"rotation": {"angle": 0, "axis": "y", "origin": [8.375, 9, 7]},
			"faces": {
				"north": {"uv": [3.5, 10.5, 3.875, 10.625], "texture": "#3"},
				"east": {"uv": [9.5, 6, 10.125, 6.125], "texture": "#3"},
				"south": {"uv": [10.5, 3, 10.875, 3.125], "texture": "#3"},
				"west": {"uv": [10.125, 6, 9.5, 6.125], "texture": "#3"}
			}
		},
		{
			"from": [7.8125, 9.375, 6.25],
			"to": [8.1875, 9.5625, 10],
			"rotation": {"angle": 0, "axis": "y", "origin": [8.1875, 9.375, 10]},
			"faces": {
				"north": {"uv": [10.5, 8.5, 10.75, 8.625], "texture": "#3"},
				"east": {"uv": [8, 2.5, 9.875, 2.625], "texture": "#3"},
				"south": {"uv": [8.5, 10.5, 8.75, 10.625], "texture": "#3"},
				"west": {"uv": [9.875, 2.5, 8, 2.625], "texture": "#3"},
				"up": {"uv": [5, 7.875, 5.25, 6], "texture": "#3"},
				"down": {"uv": [8, 2.625, 9.875, 2.5], "rotation": 90, "texture": "#3"}
			}
		},
		{
			"from": [7.75, 9.5, 6.5],
			"to": [8.25, 9.875, 9],
			"rotation": {"angle": 0, "axis": "y", "origin": [8.25, 9.5, 9]},
			"faces": {
				"north": {"uv": [5.5, 10, 5.75, 10.25], "texture": "#3"},
				"east": {"uv": [7.5, 4.5, 8.75, 4.75], "texture": "#3"},
				"south": {"uv": [10, 5, 10.25, 5.25], "texture": "#3"},
				"west": {"uv": [8.75, 4.5, 7.5, 4.75], "texture": "#3"},
				"up": {"uv": [1.5, 8.75, 1.75, 7.5], "texture": "#3"}
			}
		},
		{
			"from": [7.75, 9.875, 6.5],
			"to": [8.25, 10.125, 7],
			"rotation": {"angle": 0, "axis": "y", "origin": [8.25, 9.875, 7]},
			"faces": {
				"north": {"uv": [10.5, 9, 10.75, 9.125], "texture": "#3"},
				"east": {"uv": [9.5, 10.5, 9.75, 10.625], "texture": "#3"},
				"south": {"uv": [9, 10.5, 9.25, 10.625], "texture": "#3"},
				"west": {"uv": [9.75, 10.5, 9.5, 10.625], "texture": "#3"}
			}
		},
		{
			"from": [7.75, 9.875, 8.5],
			"to": [8.25, 10.125, 9],
			"rotation": {"angle": 0, "axis": "y", "origin": [8.25, 9.875, 9]},
			"faces": {
				"north": {"uv": [11, 0.5, 11.25, 0.625], "texture": "#3"},
				"east": {"uv": [1, 11, 1.25, 11.125], "texture": "#3"},
				"south": {"uv": [0.5, 11, 0.75, 11.125], "texture": "#3"},
				"west": {"uv": [1.25, 11, 1, 11.125], "texture": "#3"}
			}
		},
		{
			"from": [10.80719, 9.02494, 5.625],
			"to": [11.05719, 9.37849, 9.625],
			"rotation": {"angle": 45, "axis": "z", "origin": [7.83799, 6.60938, 2.5625]},
			"faces": {
				"east": {"uv": [7.5, 6, 9.5, 6.125], "texture": "#3"}
			}
		},
		{
			"from": [8.25, 10.1875, 9.625],
			"to": [8.59375, 10.6875, 11.625],
			"rotation": {"angle": 0, "axis": "y", "origin": [8.59375, 10.1875, 11.625]},
			"faces": {
				"north": {"uv": [4.5, 11, 4.625, 11.25], "texture": "#3"},
				"east": {"uv": [7.5, 7, 8.5, 7.25], "texture": "#3"},
				"south": {"uv": [11, 4, 11.125, 4.25], "texture": "#3"}
			}
		},
		{
			"from": [8.25, 10.1875, 3.875],
			"to": [8.5, 10.6875, 5.625],
			"rotation": {"angle": 0, "axis": "y", "origin": [8.5, 10.1875, 5.625]},
			"faces": {
				"north": {"uv": [6, 11, 6.125, 11.25], "texture": "#3"},
				"east": {"uv": [8, 5.5, 8.875, 5.75], "texture": "#3"},
				"south": {"uv": [11, 5.5, 11.125, 5.75], "texture": "#3"}
			}
		},
		{
			"from": [4.03443, 10.875, 6.09517],
			"to": [4.53443, 11.03125, 6.59517],
			"rotation": {"angle": 45, "axis": "y", "origin": [7.83799, 6.60938, 2.5625]},
			"faces": {
				"north": {"uv": [10.25, 10.5, 10, 10.625], "texture": "#3"},
				"east": {"uv": [10, 10.5, 10.25, 10.625], "texture": "#3"},
				"south": {"uv": [10.5, 9.5, 10.75, 9.625], "texture": "#3"},
				"west": {"uv": [10.75, 9.5, 10.5, 9.625], "texture": "#3"},
				"down": {"uv": [6, 10, 6.25, 10.25], "texture": "#3"}
			}
		},
		{
			"from": [3.97193, 11.03125, 6.03267],
			"to": [4.59693, 11.28125, 6.65767],
			"rotation": {"angle": 45, "axis": "y", "origin": [7.83799, 6.60938, 2.5625]},
			"faces": {
				"north": {"uv": [4.875, 10.5, 4.5, 10.625], "texture": "#3"},
				"east": {"uv": [4.5, 10.5, 4.875, 10.625], "texture": "#3"},
				"south": {"uv": [10.5, 4, 10.875, 4.125], "texture": "#3"},
				"west": {"uv": [10.875, 4, 10.5, 4.125], "texture": "#3"},
				"up": {"uv": [3.5, 9.375, 3.875, 9], "texture": "#3"},
				"down": {"uv": [9, 3.5, 9.375, 3.875], "texture": "#3"}
			}
		},
		{
			"from": [7.4375, 7.25, -1.75],
			"to": [8.5625, 8.25, 1],
			"rotation": {"angle": 0, "axis": "y", "origin": [8.5625, 7.25, 1]},
			"faces": {
				"east": {"uv": [6, 1, 7.375, 1.5], "texture": "#3"},
				"west": {"uv": [7.375, 1, 6, 1.5], "texture": "#3"},
				"up": {"uv": [3, 4.875, 3.625, 3.5], "texture": "#3"},
				"down": {"uv": [4, 1, 4.625, 2.375], "texture": "#3"}
			}
		},
		{
			"from": [7.375, 6.25, -3],
			"to": [8.625, 8.75, -1.75],
			"rotation": {"angle": 0, "axis": "y", "origin": [8.625, 6.25, -1.75]},
			"faces": {
				"east": {"uv": [5.5, 5.5, 6.125, 6.75], "texture": "#3"},
				"south": {"uv": [5.5, 4, 6.125, 5.25], "texture": "#3"},
				"west": {"uv": [6.125, 5.5, 5.5, 6.75], "texture": "#3"},
				"up": {"uv": [3, 7.125, 3.625, 6.5], "texture": "#3"},
				"down": {"uv": [6.5, 4.5, 7.125, 5.125], "texture": "#3"}
			}
		},
		{
			"from": [11.44389, 5.25, -1.06428],
			"to": [11.69389, 6.25, -0.81428],
			"rotation": {"angle": 45, "axis": "y", "origin": [7.83799, 6.60938, 2.5625]},
			"faces": {
				"north": {"uv": [8.5, 10, 8.625, 10.5], "texture": "#3"},
				"east": {"uv": [8.5, 10, 8.625, 10.5], "texture": "#3"},
				"south": {"uv": [10, 8, 10.125, 8.5], "texture": "#3"},
				"west": {"uv": [10, 8, 10.125, 8.5], "texture": "#3"},
				"up": {"uv": [2.5, 11.625, 2.625, 11.5], "texture": "#3"}
			}
		},
		{
			"from": [11.31889, 4.875, -1.18928],
			"to": [11.81889, 5.25, -0.68928],
			"rotation": {"angle": 45, "axis": "y", "origin": [7.83799, 6.60938, 2.5625]},
			"faces": {
				"north": {"uv": [10.25, 9, 10, 9.25], "texture": "#3"},
				"east": {"uv": [10, 9, 10.25, 9.25], "texture": "#3"},
				"south": {"uv": [10, 8.5, 10.25, 8.75], "texture": "#3"},
				"west": {"uv": [10.25, 8.5, 10, 8.75], "texture": "#3"},
				"up": {"uv": [10, 9.75, 10.25, 9.5], "texture": "#3"},
				"down": {"uv": [10, 10, 10.25, 10.25], "texture": "#3"}
			}
		},
		{
			"from": [7.4425, 7.92768, -1.55926],
			"to": [8.5575, 8.05268, 1.19074],
			"rotation": {"angle": -22.5, "axis": "x", "origin": [7.83799, 6.60938, 2.5625]},
			"faces": {
				"east": {"uv": [8.5, 8.5, 9.875, 8.625], "texture": "#3"},
				"west": {"uv": [9.875, 8.5, 8.5, 8.625], "texture": "#3"},
				"up": {"uv": [4, 4.875, 4.625, 3.5], "texture": "#3"},
				"down": {"uv": [5, 1, 5.625, 2.375], "texture": "#3"}
			}
		},
		{
			"from": [7.4425, 8.16722, 1.91064],
			"to": [8.5575, 8.54222, 2.66064],
			"rotation": {"angle": -45, "axis": "x", "origin": [7.83799, 6.60938, 2.5625]},
			"faces": {
				"east": {"uv": [9.5, 5, 9.875, 5.25], "texture": "#3"},
				"west": {"uv": [9.875, 5, 9.5, 5.25], "texture": "#3"},
				"down": {"uv": [8, 3.5, 8.625, 3.875], "texture": "#3"}
			}
		},
		{
			"from": [7, 7, -0.75],
			"to": [7.4375, 9, 0],
			"rotation": {"angle": 0, "axis": "y", "origin": [7.4375, 7, 0]},
			"faces": {
				"north": {"uv": [3, 8, 3.25, 9], "texture": "#3"},
				"east": {"uv": [4.375, 7, 4, 8], "texture": "#3"},
				"south": {"uv": [2.5, 8, 2.75, 9], "texture": "#3"},
				"west": {"uv": [4, 7, 4.375, 8], "texture": "#3"},
				"up": {"uv": [9.5, 4.875, 9.75, 4.5], "texture": "#3"},
				"down": {"uv": [5, 9.5, 5.25, 9.875], "texture": "#3"}
			}
		},
		{
			"from": [7.4375, 8.875, -1.5],
			"to": [8.4375, 9.375, 1.75],
			"rotation": {"angle": 0, "axis": "y", "origin": [8.4375, 8.875, 1.75]},
			"faces": {
				"north": {"uv": [9, 7, 9.5, 7.25], "texture": "#3"},
				"east": {"uv": [6.5, 4, 8.125, 4.25], "texture": "#3"},
				"south": {"uv": [7, 9, 7.5, 9.25], "texture": "#3"},
				"west": {"uv": [8.125, 4, 6.5, 4.25], "texture": "#3"},
				"up": {"uv": [4, 6.625, 4.5, 5], "texture": "#3"},
				"down": {"uv": [5, 4, 5.5, 5.625], "texture": "#3"}
			}
		},
		{
			"from": [9.07604, 7.61831, 16],
			"to": [9.32604, 7.86831, 16.125],
			"rotation": {"angle": 45, "axis": "z", "origin": [7.83799, 6.60938, 2.5625]},
			"faces": {
				"east": {"uv": [7.5, 11, 7.625, 11.125], "texture": "#3"},
				"west": {"uv": [11.125, 7.5, 11, 7.625], "texture": "#3"},
				"up": {"uv": [7.625, 11, 7.5, 11.125], "texture": "#3"},
				"down": {"uv": [11, 7.5, 11.125, 7.625], "texture": "#3"}
			}
		},
		{
			"from": [8.98229, 7.52456, 16.1275],
			"to": [9.41979, 7.96206, 16.8725],
			"rotation": {"angle": 45, "axis": "z", "origin": [7.83799, 6.60938, 2.5625]},
			"faces": {
				"north": {"uv": [10, 1.5, 10.25, 1.75], "texture": "#3"},
				"east": {"uv": [1.5, 9.5, 1.875, 9.75], "texture": "#3"},
				"south": {"uv": [1.5, 10, 1.75, 10.25], "texture": "#3"},
				"west": {"uv": [2.25, 9.875, 2, 9.5], "rotation": 90, "texture": "#3"},
				"up": {"uv": [1.875, 9.75, 1.5, 9.5], "rotation": 90, "texture": "#3"},
				"down": {"uv": [2, 9.5, 2.25, 9.875], "texture": "#3"}
			}
		},
		{
			"from": [7.69064, 7.90625, 16.375],
			"to": [8.30936, 8.375, 16.875],
			"rotation": {"angle": 0, "axis": "y", "origin": [8.30936, 7.90625, 16.875]},
			"faces": {
				"north": {"uv": [2.5, 10, 2.75, 10.25], "texture": "#3"},
				"east": {"uv": [10, 2.5, 10.25, 2.75], "texture": "#3"},
				"south": {"uv": [2, 10, 2.25, 10.25], "texture": "#3"},
				"west": {"uv": [10.25, 2.5, 10, 2.75], "texture": "#3"}
			}
		},
		{
			"from": [7.5, 7.65625, 16.375],
			"to": [8.5, 7.90625, 16.875],
			"rotation": {"angle": 0, "axis": "y", "origin": [8.5, 7.65625, 16.875]},
			"faces": {
				"north": {"uv": [3.5, 10, 4, 10.125], "texture": "#3"},
				"east": {"uv": [10.5, 6.5, 10.75, 6.625], "texture": "#3"},
				"south": {"uv": [10, 3, 10.5, 3.125], "texture": "#3"},
				"west": {"uv": [10.75, 6.5, 10.5, 6.625], "texture": "#3"},
				"up": {"uv": [9, 4.25, 9.5, 4], "texture": "#3"},
				"down": {"uv": [9, 4.5, 9.5, 4.75], "texture": "#3"}
			}
		},
		{
			"from": [7.375, 7.53125, 16.875],
			"to": [8.625, 7.78125, 17.375],
			"rotation": {"angle": 0, "axis": "y", "origin": [8.625, 7.53125, 17.375]},
			"faces": {
				"north": {"uv": [9.5, 5.5, 10.125, 5.625], "texture": "#3"},
				"south": {"uv": [5.5, 9.5, 6.125, 9.625], "texture": "#3"},
				"up": {"uv": [9, 0.25, 9.625, 0], "texture": "#3"},
				"down": {"uv": [9, 0.5, 9.625, 0.75], "texture": "#3"}
			}
		},
		{
			"from": [9.00059, 6.61478, 19.625],
			"to": [9.31309, 6.92728, 20.375],
			"rotation": {"angle": 45, "axis": "z", "origin": [7.83799, 6.60938, 2.5625]},
			"faces": {
				"north": {"uv": [11, 8, 11.125, 8.125], "texture": "#3"},
				"east": {"uv": [10.5, 2.5, 10.875, 2.625], "texture": "#3"},
				"south": {"uv": [8, 11, 8.125, 11.125], "texture": "#3"},
				"west": {"uv": [3, 10.875, 3.125, 10.5], "rotation": 90, "texture": "#3"},
				"up": {"uv": [10.875, 2.5, 10.5, 2.625], "rotation": 90, "texture": "#3"},
				"down": {"uv": [3, 10.5, 3.125, 10.875], "texture": "#3"}
			}
		},
		{
			"from": [9.06309, 6.67728, 17.375],
			"to": [9.25059, 6.86478, 19.625],
			"rotation": {"angle": 45, "axis": "z", "origin": [7.83799, 6.60938, 2.5625]},
			"faces": {
				"east": {"uv": [9, 2, 10.125, 2.125], "texture": "#3"},
				"west": {"uv": [3, 10.125, 3.125, 9], "rotation": 90, "texture": "#3"},
				"up": {"uv": [10.125, 2, 9, 2.125], "rotation": 90, "texture": "#3"},
				"down": {"uv": [3, 9, 3.125, 10.125], "texture": "#3"}
			}
		},
		{
			"from": [9.00059, 6.61478, 16.8725],
			"to": [9.31309, 6.92728, 17.3775],
			"rotation": {"angle": 45, "axis": "z", "origin": [7.83799, 6.60938, 2.5625]},
			"faces": {
				"north": {"uv": [11, 8.5, 11.125, 8.625], "texture": "#3"},
				"east": {"uv": [7, 10.5, 7.25, 10.625], "texture": "#3"},
				"south": {"uv": [8.5, 11, 8.625, 11.125], "texture": "#3"},
				"west": {"uv": [10.5, 7.25, 10.625, 7], "rotation": 90, "texture": "#3"},
				"up": {"uv": [7.25, 10.5, 7, 10.625], "rotation": 90, "texture": "#3"},
				"down": {"uv": [10.5, 7, 10.625, 7.25], "texture": "#3"}
			}
		},
		{
			"from": [7.875, 9.4375, 5.25],
			"to": [8.125, 9.5, 6.25],
			"rotation": {"angle": 0, "axis": "y", "origin": [8.125, 9.4375, 6.25]},
			"faces": {
				"north": {"uv": [9, 11, 9.125, 11.125], "texture": "#3"},
				"west": {"uv": [10.125, 5, 10, 4.5], "rotation": 90, "texture": "#3"},
				"up": {"uv": [10, 5, 10.125, 4.5], "texture": "#3"},
				"down": {"uv": [5, 10, 5.125, 10.5], "texture": "#3"}
			}
		},
		{
			"from": [5.99696, 8.6063, 5.75],
			"to": [6.35051, 8.8563, 7],
			"rotation": {"angle": -45, "axis": "z", "origin": [7.83799, 6.60938, 2.5625]},
			"faces": {
				"north": {"uv": [11, 9, 11.125, 9.125], "texture": "#3"},
				"up": {"uv": [6.5, 10.125, 6.625, 9.5], "texture": "#3"}
			}
		},
		{
			"from": [8.1875, 8.625, -1.5],
			"to": [8.4375, 8.875, 1.75],
			"rotation": {"angle": 0, "axis": "y", "origin": [8.4375, 8.625, 1.75]},
			"faces": {
				"north": {"uv": [11.5, 2, 11.625, 2.125], "texture": "#3"},
				"east": {"uv": [6.5, 8, 8.125, 8.125], "texture": "#3"},
				"south": {"uv": [2, 11.5, 2.125, 11.625], "texture": "#3"},
				"west": {"uv": [8.125, 8, 6.5, 8.125], "texture": "#3"},
				"down": {"uv": [4.5, 8.5, 4.625, 10.125], "texture": "#3"}
			}
		},
		{
			"from": [7.75, 9.84375, 9.625],
			"to": [8.25, 11.03125, 11.625],
			"rotation": {"angle": 0, "axis": "y", "origin": [8.25, 9.84375, 11.625]},
			"faces": {
				"north": {"uv": [9, 1, 9.25, 1.625], "texture": "#3"},
				"south": {"uv": [1, 9, 1.25, 9.625], "texture": "#3"},
				"up": {"uv": [1, 9, 1.25, 8], "texture": "#3"},
				"down": {"uv": [2, 8, 2.25, 9], "texture": "#3"}
			}
		},
		{
			"from": [10.94356, 8.95865, 9.63],
			"to": [11.25606, 9.44478, 11.62],
			"rotation": {"angle": 45, "axis": "z", "origin": [7.83799, 6.60938, 2.5625]},
			"faces": {
				"north": {"uv": [5, 11, 5.125, 11.25], "texture": "#3"},
				"east": {"uv": [8, 0.5, 9, 0.75], "texture": "#3"},
				"south": {"uv": [11, 4.5, 11.125, 4.75], "texture": "#3"}
			}
		},
		{
			"from": [5.52978, 9.18776, 9.63],
			"to": [5.84228, 9.67389, 11.62],
			"rotation": {"angle": -45, "axis": "z", "origin": [7.83799, 6.60938, 2.5625]},
			"faces": {
				"north": {"uv": [5.5, 11, 5.625, 11.25], "texture": "#3"},
				"east": {"uv": [8, 1.5, 9, 1.75], "texture": "#3"},
				"south": {"uv": [11, 5, 11.125, 5.25], "texture": "#3"}
			}
		},
		{
			"from": [7.84375, 10.03125, 5.625],
			"to": [8.15625, 10.84375, 9.625],
			"rotation": {"angle": 0, "axis": "y", "origin": [8.15625, 10.03125, 9.625]},
			"faces": {
				"up": {"uv": [0, 10, 0.125, 8], "texture": "#3"},
				"down": {"uv": [0.5, 8, 0.625, 10], "texture": "#3"}
			}
		},
		{
			"from": [8.15625, 10.28125, 5.625],
			"to": [8.40625, 10.59375, 9.625],
			"rotation": {"angle": 0, "axis": "y", "origin": [8.40625, 10.28125, 9.625]},
			"faces": {
				"east": {"uv": [7.5, 6.5, 9.5, 6.625], "texture": "#3"}
			}
		},
		{
			"from": [5.3934, 9.25405, 5.625],
			"to": [5.6434, 9.6076, 9.625],
			"rotation": {"angle": -45, "axis": "z", "origin": [7.83799, 6.60938, 2.5625]},
			"faces": {
				"east": {"uv": [6.5, 7.5, 8.5, 7.625], "texture": "#3"}
			}
		},
		{
			"from": [7.75, 9.9375, 3.875],
			"to": [8.25, 10.9375, 5.625],
			"rotation": {"angle": 0, "axis": "y", "origin": [8.25, 9.9375, 5.625]},
			"faces": {
				"north": {"uv": [6, 9, 6.25, 9.5], "texture": "#3"},
				"south": {"uv": [9, 5.5, 9.25, 6], "texture": "#3"},
				"up": {"uv": [5, 8.875, 5.25, 8], "texture": "#3"},
				"down": {"uv": [6, 8, 6.25, 8.875], "texture": "#3"}
			}
		},
		{
			"from": [5.06888, 9.71115, 3.8775],
			"to": [5.42243, 9.96115, 5.6225],
			"rotation": {"angle": -45, "axis": "z", "origin": [7.83799, 6.60938, 2.5625]},
			"faces": {
				"north": {"uv": [11.5, 1, 11.625, 1.125], "texture": "#3"},
				"south": {"uv": [1, 11.5, 1.125, 11.625], "texture": "#3"},
				"up": {"uv": [8, 9.875, 8.125, 9], "texture": "#3"}
			}
		},
		{
			"from": [10.48267, 8.67138, 3.8775],
			"to": [10.83622, 8.92138, 5.6225],
			"rotation": {"angle": 45, "axis": "z", "origin": [7.83799, 6.60938, 2.5625]},
			"faces": {
				"north": {"uv": [11.5, 1.5, 11.625, 1.625], "texture": "#3"},
				"south": {"uv": [1.5, 11.5, 1.625, 11.625], "texture": "#3"},
				"down": {"uv": [8.5, 9, 8.625, 9.875], "texture": "#3"}
			}
		},
		{
			"from": [8.60156, 12.66636, 3.21675],
			"to": [8.85156, 13.29136, 3.84175],
			"rotation": {"angle": 45, "axis": "x", "origin": [7.83799, 6.60938, 2.5625]},
			"faces": {
				"north": {"uv": [5, 10.5, 5.125, 10.875], "texture": "#3"},
				"east": {"uv": [4, 9, 4.375, 9.375], "texture": "#3"},
				"south": {"uv": [10.5, 4.5, 10.625, 4.875], "texture": "#3"},
				"west": {"uv": [4.375, 9, 4, 9.375], "texture": "#3"},
				"up": {"uv": [10.5, 5.375, 10.625, 5], "texture": "#3"},
				"down": {"uv": [5.5, 10.5, 5.625, 10.875], "texture": "#3"}
			}
		},
		{
			"from": [8.44531, 12.72886, 3.27925],
			"to": [8.60156, 13.22886, 3.77925],
			"rotation": {"angle": 45, "axis": "x", "origin": [7.83799, 6.60938, 2.5625]},
			"faces": {
				"north": {"uv": [10.5, 10.5, 10.625, 10.75], "texture": "#3"},
				"south": {"uv": [10.5, 10, 10.625, 10.25], "texture": "#3"},
				"up": {"uv": [0, 11.25, 0.125, 11], "texture": "#3"},
				"down": {"uv": [11, 0, 11.125, 0.25], "texture": "#3"}
			}
		},
		{
			"from": [5.00259, 9.72567, 8.505],
			"to": [5.5392, 9.85067, 8.995],
			"rotation": {"angle": -45, "axis": "z", "origin": [7.83799, 6.60938, 2.5625]},
			"faces": {
				"north": {"uv": [1.5, 11, 1.75, 11.125], "texture": "#3"},
				"south": {"uv": [11, 1, 11.25, 1.125], "texture": "#3"},
				"up": {"uv": [10, 7.25, 10.25, 7], "texture": "#3"}
			}
		},
		{
			"from": [7.875, 10.84375, 8.5],
			"to": [8.125, 10.90625, 9],
			"rotation": {"angle": 0, "axis": "y", "origin": [8.125, 10.84375, 9]},
			"faces": {
				"north": {"uv": [10.5, 11, 10.625, 11.125], "texture": "#3"},
				"south": {"uv": [11, 10, 11.125, 10.125], "texture": "#3"},
				"up": {"uv": [11, 2.25, 11.125, 2], "texture": "#3"}
			}
		},
		{
			"from": [5.54678, 9.34309, 8.505],
			"to": [5.67178, 9.71809, 8.995],
			"rotation": {"angle": -45, "axis": "z", "origin": [7.83799, 6.60938, 2.5625]},
			"faces": {
				"north": {"uv": [2, 11, 2.125, 11.25], "texture": "#3"},
				"east": {"uv": [7.5, 10, 7.75, 10.25], "texture": "#3"},
				"south": {"uv": [11, 1.5, 11.125, 1.75], "texture": "#3"}
			}
		},
		{
			"from": [8.37944, 10.33931, 8.5],
			"to": [8.50444, 10.52681, 9],
			"rotation": {"angle": 0, "axis": "y", "origin": [8.50444, 10.33931, 9]},
			"faces": {
				"north": {"uv": [11, 11, 11.125, 11.125], "texture": "#3"},
				"east": {"uv": [2.5, 11, 2.75, 11.125], "texture": "#3"},
				"south": {"uv": [11, 10.5, 11.125, 10.625], "texture": "#3"}
			}
		},
		{
			"from": [5.54678, 9.34309, 6.505],
			"to": [5.67178, 9.71809, 6.995],
			"rotation": {"angle": -45, "axis": "z", "origin": [7.83799, 6.60938, 2.5625]},
			"faces": {
				"north": {"uv": [4, 11, 4.125, 11.25], "texture": "#3"},
				"east": {"uv": [8, 10, 8.25, 10.25], "texture": "#3"},
				"south": {"uv": [11, 3.5, 11.125, 3.75], "texture": "#3"}
			}
		},
		{
			"from": [8.37944, 10.33931, 6.5],
			"to": [8.50444, 10.52681, 7],
			"rotation": {"angle": 0, "axis": "y", "origin": [8.50444, 10.33931, 7]},
			"faces": {
				"north": {"uv": [11.5, 0.5, 11.625, 0.625], "texture": "#3"},
				"east": {"uv": [3.5, 11, 3.75, 11.125], "texture": "#3"},
				"south": {"uv": [0.5, 11.5, 0.625, 11.625], "texture": "#3"}
			}
		},
		{
			"from": [5.00259, 9.72567, 6.505],
			"to": [5.5392, 9.85067, 6.995],
			"rotation": {"angle": -45, "axis": "z", "origin": [7.83799, 6.60938, 2.5625]},
			"faces": {
				"north": {"uv": [11, 3, 11.25, 3.125], "texture": "#3"},
				"south": {"uv": [3, 11, 3.25, 11.125], "texture": "#3"},
				"up": {"uv": [10, 7.75, 10.25, 7.5], "texture": "#3"}
			}
		},
		{
			"from": [7.875, 10.84375, 6.5],
			"to": [8.125, 10.90625, 7],
			"rotation": {"angle": 0, "axis": "y", "origin": [8.125, 10.84375, 7]},
			"faces": {
				"north": {"uv": [11.5, 0, 11.625, 0.125], "texture": "#3"},
				"south": {"uv": [0, 11.5, 0.125, 11.625], "texture": "#3"},
				"up": {"uv": [11, 2.75, 11.125, 2.5], "texture": "#3"}
			}
		},
		{
			"from": [5.99696, 8.7938, 5.255],
			"to": [6.35051, 8.8563, 5.75],
			"rotation": {"angle": -45, "axis": "z", "origin": [7.83799, 6.60938, 2.5625]},
			"faces": {
				"north": {"uv": [11, 9.5, 11.125, 9.625], "texture": "#3"},
				"up": {"uv": [10.5, 8.25, 10.625, 8], "texture": "#3"},
				"down": {"uv": [10.625, 8, 10.5, 8.25], "texture": "#3"}
			}
		},
		{
			"from": [8.3125, 9, 5.25],
			"to": [8.375, 9.25, 5.75],
			"rotation": {"angle": 0, "axis": "y", "origin": [8.375, 9, 5.75]},
			"faces": {
				"north": {"uv": [9.5, 11, 9.625, 11.125], "texture": "#3"},
				"east": {"uv": [8, 10.5, 8.25, 10.625], "texture": "#3"},
				"west": {"uv": [8.25, 10.5, 8, 10.625], "texture": "#3"}
			}
		},
		{
			"from": [5.99696, 8.6063, 8.75],
			"to": [6.35051, 8.8563, 9.995],
			"rotation": {"angle": -45, "axis": "z", "origin": [7.83799, 6.60938, 2.5625]},
			"faces": {
				"south": {"uv": [10, 11, 10.125, 11.125], "texture": "#3"},
				"up": {"uv": [7, 10.125, 7.125, 9.5], "texture": "#3"}
			}
		},
		{
			"from": [7.625, 9, 8.75],
			"to": [8.375, 9.25, 10],
			"rotation": {"angle": 0, "axis": "y", "origin": [8.375, 9, 10]},
			"faces": {
				"north": {"uv": [4, 10.5, 4.375, 10.625], "texture": "#3"},
				"east": {"uv": [9.5, 6.5, 10.125, 6.625], "texture": "#3"},
				"south": {"uv": [10.5, 3.5, 10.875, 3.625], "texture": "#3"},
				"west": {"uv": [10.125, 6.5, 9.5, 6.625], "texture": "#3"},
				"up": {"uv": [3.5, 8.625, 3.875, 8], "texture": "#3"}
			}
		},
		{
			"from": [5.99696, 8.7313, 7],
			"to": [6.35051, 8.8563, 8.75],
			"rotation": {"angle": -45, "axis": "z", "origin": [7.83799, 6.60938, 2.5625]},
			"faces": {
				"up": {"uv": [7.5, 9.875, 7.625, 9], "texture": "#3"}
			}
		},
		{
			"from": [8.25, 9, 7],
			"to": [8.375, 9.25, 8.75],
			"rotation": {"angle": 0, "axis": "y", "origin": [8.375, 9, 8.75]},
			"faces": {
				"east": {"uv": [9, 7.5, 9.875, 7.625], "texture": "#3"},
				"west": {"uv": [9.875, 7.5, 9, 7.625], "texture": "#3"}
			}
		},
		{
			"from": [7.5625, 10, 7.375],
			"to": [8.4375, 10.875, 8.125],
			"rotation": {"angle": 0, "axis": "y", "origin": [8.4375, 10, 8.125]},
			"faces": {
				"north": {"uv": [6, 7.5, 6.5, 8], "texture": "#3"},
				"east": {"uv": [8.5, 1, 8.875, 1.5], "texture": "#3"},
				"south": {"uv": [4, 2.5, 4.5, 3], "texture": "#3"},
				"west": {"uv": [8.875, 1, 8.5, 1.5], "texture": "#3"},
				"up": {"uv": [8.5, 2.375, 9, 2], "texture": "#3"},
				"down": {"uv": [8.5, 3, 9, 3.375], "texture": "#3"}
			}
		},
		{
			"from": [7.625, 10.0625, 3.8725],
			"to": [8.375, 10.8125, 3.8725],
			"rotation": {"angle": 0, "axis": "y", "origin": [8.375, 10.0625, 3.8725]},
			"faces": {
				"north": {"uv": [11.75, 0, 12.375, 0.625], "texture": "#3"}
			}
		},
		{
			"from": [7.625, 10.0625, 11.6275],
			"to": [8.375, 10.8125, 11.6275],
			"rotation": {"angle": 0, "axis": "y", "origin": [8.375, 10.0625, 11.6275]},
			"faces": {
				"south": {"uv": [12.375, 0, 11.75, 0.625], "texture": "#3"}
			}
		},
		{
			"from": [9.55459, 8.37719, 8.76],
			"to": [9.90814, 8.62719, 9.995],
			"rotation": {"angle": 45, "axis": "z", "origin": [7.83799, 6.60938, 2.5625]},
			"faces": {
				"north": {"uv": [7, 9.5, 7.125, 9.625], "texture": "#3"},
				"south": {"uv": [10.125, 11, 10, 11.125], "texture": "#3"},
				"up": {"uv": [7.125, 10.125, 7, 9.5], "texture": "#3"}
			}
		},
		{
			"from": [9.55459, 8.37719, 5.7525],
			"to": [9.90814, 8.62719, 6.9975],
			"rotation": {"angle": 45, "axis": "z", "origin": [7.83799, 6.60938, 2.5625]},
			"faces": {
				"north": {"uv": [11.125, 9, 11, 9.125], "texture": "#3"},
				"south": {"uv": [6.5, 10.125, 6.625, 10], "texture": "#3"},
				"up": {"uv": [6.625, 10.125, 6.5, 9.5], "texture": "#3"}
			}
		},
		{
			"from": [5.06888, 8.90049, 3.8775],
			"to": [5.42243, 9.15049, 5.6225],
			"rotation": {"angle": -45, "axis": "z", "origin": [7.83799, 6.60938, 2.5625]},
			"faces": {
				"north": {"uv": [11.625, 1.5, 11.5, 1.625], "texture": "#3"},
				"south": {"uv": [1.625, 11.5, 1.5, 11.625], "texture": "#3"},
				"down": {"uv": [8.625, 9, 8.5, 9.875], "texture": "#3"}
			}
		},
		{
			"from": [7.5, 10.1875, 3.875],
			"to": [7.75, 10.6875, 5.625],
			"rotation": {"angle": 0, "axis": "y", "origin": [7.75, 10.1875, 5.625]},
			"faces": {
				"north": {"uv": [6.125, 11, 6, 11.25], "texture": "#3"},
				"south": {"uv": [11.125, 5.5, 11, 5.75], "texture": "#3"},
				"west": {"uv": [8.875, 5.5, 8, 5.75], "texture": "#3"}
			}
		},
		{
			"from": [10.48267, 9.48204, 3.8775],
			"to": [10.83622, 9.73204, 5.6225],
			"rotation": {"angle": 45, "axis": "z", "origin": [7.83799, 6.60938, 2.5625]},
			"faces": {
				"north": {"uv": [11.625, 1, 11.5, 1.125], "texture": "#3"},
				"south": {"uv": [1.125, 11.5, 1, 11.625], "texture": "#3"},
				"up": {"uv": [8.125, 9.875, 8, 9], "texture": "#3"}
			}
		},
		{
			"from": [10.23332, 9.11398, 6.505],
			"to": [10.35832, 9.48898, 6.995],
			"rotation": {"angle": 45, "axis": "z", "origin": [7.83799, 6.60938, 2.5625]},
			"faces": {
				"north": {"uv": [4.125, 11, 4, 11.25], "texture": "#3"},
				"south": {"uv": [11.125, 3.5, 11, 3.75], "texture": "#3"},
				"west": {"uv": [8.25, 10, 8, 10.25], "texture": "#3"}
			}
		},
		{
			"from": [7.49556, 10.33931, 6.5],
			"to": [7.62056, 10.52681, 7],
			"rotation": {"angle": 0, "axis": "y", "origin": [7.62056, 10.33931, 7]},
			"faces": {
				"north": {"uv": [11.625, 0.5, 11.5, 0.625], "texture": "#3"},
				"south": {"uv": [0.625, 11.5, 0.5, 11.625], "texture": "#3"},
				"west": {"uv": [3.75, 11, 3.5, 11.125], "texture": "#3"}
			}
		},
		{
			"from": [10.3659, 9.49656, 6.505],
			"to": [10.90251, 9.62156, 6.995],
			"rotation": {"angle": 45, "axis": "z", "origin": [7.83799, 6.60938, 2.5625]},
			"faces": {
				"north": {"uv": [11.25, 3, 11, 3.125], "texture": "#3"},
				"south": {"uv": [3.25, 11, 3, 11.125], "texture": "#3"},
				"up": {"uv": [10.25, 7.75, 10, 7.5], "texture": "#3"}
			}
		},
		{
			"from": [7.49556, 10.33931, 8.5],
			"to": [7.62056, 10.52681, 9],
			"rotation": {"angle": 0, "axis": "y", "origin": [7.62056, 10.33931, 9]},
			"faces": {
				"north": {"uv": [11.125, 11, 11, 11.125], "texture": "#3"},
				"south": {"uv": [11.125, 10.5, 11, 10.625], "texture": "#3"},
				"west": {"uv": [2.75, 11, 2.5, 11.125], "texture": "#3"}
			}
		},
		{
			"from": [10.3659, 9.49656, 8.505],
			"to": [10.90251, 9.62156, 8.995],
			"rotation": {"angle": 45, "axis": "z", "origin": [7.83799, 6.60938, 2.5625]},
			"faces": {
				"north": {"uv": [1.75, 11, 1.5, 11.125], "texture": "#3"},
				"south": {"uv": [11.25, 1, 11, 1.125], "texture": "#3"},
				"up": {"uv": [10.25, 7.25, 10, 7], "texture": "#3"}
			}
		},
		{
			"from": [10.23332, 9.11398, 8.505],
			"to": [10.35832, 9.48898, 8.995],
			"rotation": {"angle": 45, "axis": "z", "origin": [7.83799, 6.60938, 2.5625]},
			"faces": {
				"north": {"uv": [2.125, 11, 2, 11.25], "texture": "#3"},
				"south": {"uv": [11.125, 1.5, 11, 1.75], "texture": "#3"},
				"west": {"uv": [7.75, 10, 7.5, 10.25], "texture": "#3"}
			}
		},
		{
			"from": [10.2617, 9.02494, 5.625],
			"to": [10.5117, 9.37849, 9.625],
			"rotation": {"angle": 45, "axis": "z", "origin": [7.83799, 6.60938, 2.5625]},
			"faces": {
				"west": {"uv": [8.5, 7.5, 6.5, 7.625], "texture": "#3"}
			}
		},
		{
			"from": [7.59375, 10.28125, 5.625],
			"to": [7.84375, 10.59375, 9.625],
			"rotation": {"angle": 0, "axis": "y", "origin": [7.84375, 10.28125, 9.625]},
			"faces": {
				"west": {"uv": [9.5, 6.5, 7.5, 6.625], "texture": "#3"}
			}
		},
		{
			"from": [4.84791, 9.25405, 5.625],
			"to": [5.09791, 9.6076, 9.625],
			"rotation": {"angle": -45, "axis": "z", "origin": [7.83799, 6.60938, 2.5625]},
			"faces": {
				"west": {"uv": [9.5, 6, 7.5, 6.125], "texture": "#3"}
			}
		},
		{
			"from": [10.06282, 8.95865, 9.63],
			"to": [10.37532, 9.44478, 11.62],
			"rotation": {"angle": 45, "axis": "z", "origin": [7.83799, 6.60938, 2.5625]},
			"faces": {
				"north": {"uv": [5.625, 11, 5.5, 11.25], "texture": "#3"},
				"south": {"uv": [11.125, 5, 11, 5.25], "texture": "#3"},
				"west": {"uv": [9, 1.5, 8, 1.75], "texture": "#3"}
			}
		},
		{
			"from": [7.40625, 10.1875, 9.625],
			"to": [7.75, 10.6875, 11.625],
			"rotation": {"angle": 0, "axis": "y", "origin": [7.75, 10.1875, 11.625]},
			"faces": {
				"north": {"uv": [4.625, 11, 4.5, 11.25], "texture": "#3"},
				"south": {"uv": [11.125, 4, 11, 4.25], "texture": "#3"},
				"west": {"uv": [8.5, 7, 7.5, 7.25], "texture": "#3"}
			}
		},
		{
			"from": [4.64904, 9.18776, 9.63],
			"to": [4.96154, 9.67389, 11.62],
			"rotation": {"angle": -45, "axis": "z", "origin": [7.83799, 6.60938, 2.5625]},
			"faces": {
				"north": {"uv": [5.125, 11, 5, 11.25], "texture": "#3"},
				"south": {"uv": [11.125, 4.5, 11, 4.75], "texture": "#3"},
				"west": {"uv": [9, 0.5, 8, 0.75], "texture": "#3"}
			}
		},
		{
			"from": [7.39844, 12.72886, 3.27925],
			"to": [7.55469, 13.22886, 3.77925],
			"rotation": {"angle": 45, "axis": "x", "origin": [7.83799, 6.60938, 2.5625]},
			"faces": {
				"north": {"uv": [10.625, 10.5, 10.5, 10.75], "texture": "#3"},
				"south": {"uv": [10.625, 10, 10.5, 10.25], "texture": "#3"},
				"up": {"uv": [0.125, 11.25, 0, 11], "texture": "#3"},
				"down": {"uv": [11.125, 0, 11, 0.25], "texture": "#3"}
			}
		},
		{
			"from": [7.14844, 12.66636, 3.21675],
			"to": [7.39844, 13.29136, 3.84175],
			"rotation": {"angle": 45, "axis": "x", "origin": [7.83799, 6.60938, 2.5625]},
			"faces": {
				"north": {"uv": [5.125, 10.5, 5, 10.875], "texture": "#3"},
				"east": {"uv": [4, 9, 4.375, 9.375], "texture": "#3"},
				"south": {"uv": [10.625, 4.5, 10.5, 4.875], "texture": "#3"},
				"west": {"uv": [4.375, 9, 4, 9.375], "texture": "#3"},
				"up": {"uv": [10.625, 5.375, 10.5, 5], "texture": "#3"},
				"down": {"uv": [5.625, 10.5, 5.5, 10.875], "texture": "#3"}
			}
		},
		{
			"from": [6.65451, 6.90639, 17.375],
			"to": [6.84201, 7.09389, 19.625],
			"rotation": {"angle": -45, "axis": "z", "origin": [7.83799, 6.60938, 2.5625]},
			"faces": {
				"east": {"uv": [3, 9, 3.125, 10.125], "rotation": 90, "texture": "#3"},
				"west": {"uv": [10.125, 2, 9, 2.125], "texture": "#3"},
				"up": {"uv": [10.125, 2.125, 9, 2], "rotation": 90, "texture": "#3"},
				"down": {"uv": [3.125, 9, 3, 10.125], "texture": "#3"}
			}
		},
		{
			"from": [6.59201, 6.84389, 16.8725],
			"to": [6.90451, 7.15639, 17.3775],
			"rotation": {"angle": -45, "axis": "z", "origin": [7.83799, 6.60938, 2.5625]},
			"faces": {
				"north": {"uv": [11.125, 8.5, 11, 8.625], "texture": "#3"},
				"east": {"uv": [10.5, 7, 10.625, 7.25], "rotation": 90, "texture": "#3"},
				"south": {"uv": [8.625, 11, 8.5, 11.125], "texture": "#3"},
				"west": {"uv": [7.25, 10.5, 7, 10.625], "texture": "#3"},
				"up": {"uv": [7.25, 10.625, 7, 10.5], "rotation": 90, "texture": "#3"},
				"down": {"uv": [10.625, 7, 10.5, 7.25], "texture": "#3"}
			}
		},
		{
			"from": [6.59201, 6.84389, 19.625],
			"to": [6.90451, 7.15639, 20.375],
			"rotation": {"angle": -45, "axis": "z", "origin": [7.83799, 6.60938, 2.5625]},
			"faces": {
				"north": {"uv": [11.125, 8, 11, 8.125], "texture": "#3"},
				"east": {"uv": [3, 10.5, 3.125, 10.875], "rotation": 90, "texture": "#3"},
				"south": {"uv": [8.125, 11, 8, 11.125], "texture": "#3"},
				"west": {"uv": [10.875, 2.5, 10.5, 2.625], "texture": "#3"},
				"up": {"uv": [10.875, 2.625, 10.5, 2.5], "rotation": 90, "texture": "#3"},
				"down": {"uv": [3.125, 10.5, 3, 10.875], "texture": "#3"}
			}
		},
		{
			"from": [7.375, 6.125, -4.25],
			"to": [8.625, 8.875, -3],
			"rotation": {"angle": 0, "axis": "y", "origin": [8.625, 6.125, -3]},
			"faces": {
				"north": {"uv": [5, 2.5, 5.625, 3.875], "texture": "#3"},
				"east": {"uv": [3, 5, 3.625, 6.375], "texture": "#3"},
				"south": {"uv": [1.5, 5, 2.125, 6.375], "texture": "#3"},
				"west": {"uv": [3.625, 5, 3, 6.375], "texture": "#3"},
				"up": {"uv": [6.5, 6.125, 7.125, 5.5], "texture": "#3"},
				"down": {"uv": [6.5, 6.5, 7.125, 7.125], "texture": "#3"}
			}
		}
	]
}