{
	"format_version": "1.9.0",
	"credit": "Made with Blockbench",
	"texture_size": [32, 32],
	"textures": {
		"3": "item/ssg08",
		"particle": "item/ssg08"
	},
	"elements": [
		{
			"from": [7.59375, 6.75, 6.75],
			"to": [8.40625, 7, 9],
			"rotation": {"angle": 0, "axis": "y", "origin": [8.40625, 6.75, 9]},
			"faces": {
				"north": {"uv": [2.5, 10.5, 2.875, 10.625], "texture": "#3"},
				"east": {"uv": [1.5, 9, 2.625, 9.125], "texture": "#3"},
				"south": {"uv": [10.5, 2, 10.875, 2.125], "texture": "#3"},
				"west": {"uv": [2.625, 9, 1.5, 9.125], "texture": "#3"},
				"up": {"uv": [2, 7.625, 2.375, 6.5], "texture": "#3"},
				"down": {"uv": [2.5, 6.5, 2.875, 7.625], "texture": "#3"}
			}
		},
		{
			"from": [7.71875, 7, 6.875],
			"to": [8.28125, 8.5, 8.875],
			"rotation": {"angle": 0, "axis": "y", "origin": [8.28125, 7, 8.875]},
			"faces": {
				"north": {"uv": [6.5, 8.5, 6.75, 9.25], "texture": "#3"},
				"east": {"uv": [0, 6, 1, 6.75], "texture": "#3"},
				"south": {"uv": [5.5, 8.5, 5.75, 9.25], "texture": "#3"},
				"west": {"uv": [1, 6, 0, 6.75], "texture": "#3"},
				"up": {"uv": [5.5, 8.5, 5.75, 7.5], "texture": "#3"}
			}
		}
	],
	"groups": [
		{
			"name": "ssg08cartridges",
			"origin": [8.5625, 8, 16],
			"color": 0,
			"children": [0, 1]
		}
	]
}