{
	"format_version": "1.9.0",
	"credit": "Made with Blockbench",
	"texture_size": [32, 32],
	"textures": {
		"1": "item/sgg08handter",
		"particle": "item/sgg08handter"
	},
	"elements": [
		{
			"from": [14, 6.25, -16],
			"to": [15.5, 7.75, 11],
			"rotation": {"angle": -22.5, "axis": "y", "origin": [14.75, 7, -6]},
			"faces": {
				"north": {"uv": [2, 2, 3, 3], "texture": "#1"},
				"east": {"uv": [0, 0, 13.5, 1], "texture": "#1"},
				"south": {"uv": [2, 3, 3, 4], "texture": "#1"},
				"west": {"uv": [0, 1, 13.5, 2], "texture": "#1"},
				"up": {"uv": [1, 15.5, 0, 2], "texture": "#1"},
				"down": {"uv": [2, 2, 1, 15.5], "texture": "#1"}
			}
		}
	]
}