{
	"format_version": "1.9.0",
	"credit": "Made with Blockbench",
	"texture_size": [32, 32],
	"textures": {
		"3": "item/ssg08",
		"particle": "item/ssg08"
	},
	"elements": [
		{
			"from": [7.06886, 7.72399, 5.3625],
			"to": [7.56886, 8.22399, 5.8625],
			"rotation": {"angle": -22.5, "axis": "z", "origin": [8.04744, 9.08428, 5.60312]},
			"faces": {
				"north": {"uv": [0.5, 10, 0.75, 10.25], "texture": "#3"},
				"east": {"uv": [0.25, 12, 0, 11.75], "texture": "#3"},
				"south": {"uv": [0.75, 10, 0.5, 10.25], "texture": "#3"},
				"west": {"uv": [10, 0, 10.25, 0.25], "texture": "#3"},
				"up": {"uv": [10, 0.75, 10.25, 0.5], "texture": "#3"},
				"down": {"uv": [1, 10, 1.25, 10.25], "texture": "#3"}
			}
		},
		{
			"from": [6.78194, 9.31495, 5.49],
			"to": [7.78194, 9.53995, 5.735],
			"rotation": {"angle": 45, "axis": "z", "origin": [8.04744, 9.08428, 5.60312]},
			"faces": {
				"north": {"uv": [9.5, 7, 10, 7.125], "texture": "#3"},
				"south": {"uv": [10, 7, 9.5, 7.125], "texture": "#3"},
				"up": {"uv": [0, 10.125, 0.5, 10], "texture": "#3"},
				"down": {"uv": [10, 7, 9.5, 7.125], "texture": "#3"}
			}
		},
		{
			"from": [7.51604, 9.4398, 4.7425],
			"to": [7.83424, 9.6648, 5.4875],
			"rotation": {"angle": -45, "axis": "z", "origin": [7.54744, 8.83428, 6.47812]},
			"faces": {
				"north": {"uv": [11, 6.5, 11.125, 6.625], "texture": "#3"},
				"south": {"uv": [6.5, 11, 6.625, 11.125], "texture": "#3"},
				"up": {"uv": [10.5, 1.875, 10.625, 1.5], "texture": "#3"}
			}
		},
		{
			"from": [7.8875, 9.21875, 4.7375],
			"to": [8.1125, 9.44375, 5.4875],
			"rotation": {"angle": 0, "axis": "y", "origin": [8.1125, 9.21875, 5.4875]},
			"faces": {
				"north": {"uv": [11, 7, 11.125, 7.125], "texture": "#3"},
				"south": {"uv": [7, 11, 7.125, 11.125], "texture": "#3"},
				"up": {"uv": [2, 10.875, 2.125, 10.5], "texture": "#3"}
			}
		},
		{
			"from": [7.6625, 8.99375, 4.7375],
			"to": [8.3375, 9.21875, 5.4875],
			"rotation": {"angle": 0, "axis": "y", "origin": [8.3375, 8.99375, 5.4875]},
			"faces": {
				"north": {"uv": [10.5, 1, 10.875, 1.125], "texture": "#3"},
				"east": {"uv": [1.5, 10.5, 1.875, 10.625], "texture": "#3"},
				"south": {"uv": [1, 10.5, 1.375, 10.625], "texture": "#3"},
				"west": {"uv": [1.875, 10.5, 1.5, 10.625], "texture": "#3"}
			}
		},
		{
			"from": [7.90066, 8.79978, 4.7425],
			"to": [8.21886, 9.02478, 5.4875],
			"rotation": {"angle": 45, "axis": "z", "origin": [7.54744, 8.83428, 6.47812]},
			"faces": {
				"north": {"uv": [11.125, 6.5, 11, 6.625], "texture": "#3"},
				"south": {"uv": [6.625, 11, 6.5, 11.125], "texture": "#3"},
				"up": {"uv": [10.625, 1.875, 10.5, 1.5], "texture": "#3"}
			}
		},
		{
			"from": [7.47438, 9.23486, 5.46875],
			"to": [7.78688, 9.54736, 6.96875],
			"rotation": {"angle": -45, "axis": "z", "origin": [7.54744, 8.83428, 6.47812]},
			"faces": {
				"east": {"uv": [9, 9, 9.75, 9.125], "texture": "#3"},
				"west": {"uv": [9.625, 1.75, 9.5, 1], "rotation": 90, "texture": "#3"},
				"up": {"uv": [9.5, 1.75, 9.625, 1], "texture": "#3"},
				"down": {"uv": [9, 9, 9.75, 9.125], "rotation": 90, "texture": "#3"}
			}
		},
		{
			"from": [7.47438, 9.04736, 6.96875],
			"to": [7.97438, 9.54736, 8.71875],
			"rotation": {"angle": -45, "axis": "z", "origin": [7.54744, 8.83428, 6.47812]},
			"faces": {
				"north": {"uv": [10, 1, 10.25, 1.25], "texture": "#3"},
				"west": {"uv": [4, 8.875, 4.25, 8], "rotation": 90, "texture": "#3"},
				"up": {"uv": [4, 8.875, 4.25, 8], "texture": "#3"},
				"down": {"uv": [4.25, 8, 4, 8.875], "texture": "#3"}
			}
		},
		{
			"from": [7.5375, 8.99375, 5.4875],
			"to": [7.9125, 9.21875, 5.7375],
			"rotation": {"angle": 0, "axis": "y", "origin": [7.9125, 8.99375, 5.7375]},
			"faces": {
				"north": {"uv": [10.5, 6, 10.75, 6.125], "texture": "#3"},
				"east": {"uv": [11, 6, 11.125, 6.125], "texture": "#3"},
				"south": {"uv": [10.75, 6, 10.5, 6.125], "texture": "#3"},
				"up": {"uv": [6.5, 10.625, 6.75, 10.5], "texture": "#3"},
				"down": {"uv": [6.5, 10.625, 6.75, 10.5], "texture": "#3"}
			}
		}
	]
}