{
	"format_version": "1.9.0",
	"credit": "Made with Blockbench",
	"texture_size": [32, 32],
	"textures": {
		"3": "item/deagle",
		"particle": "item/handter"
	},
	"elements": [
		{
			"from": [7.125, 9.69607, 2.02306],
			"to": [8.875, 11.94607, 6.27306],
			"rotation": {"angle": 0, "axis": "y", "origin": [8, 8, 8]},
			"faces": {
				"north": {"uv": [7, 5.5, 7.875, 6.625], "texture": "#3"},
				"east": {"uv": [0, 4, 2.125, 5.125], "texture": "#3"},
				"south": {"uv": [7, 4, 7.875, 5.125], "texture": "#3"},
				"west": {"uv": [2.125, 4, 0, 5.125], "texture": "#3"},
				"up": {"uv": [5, 6.125, 5.875, 4], "texture": "#3"}
			}
		},
		{
			"from": [7.75, 8.01118, 0.47054],
			"to": [8.25, 8.76118, 0.72054],
			"rotation": {"angle": 22.5, "axis": "x", "origin": [8, 8, 8]},
			"faces": {
				"east": {"uv": [10.5, 3, 10.625, 3.375], "texture": "#3"},
				"west": {"uv": [10.5, 3, 10.625, 3.375], "texture": "#3"}
			}
		},
		{
			"from": [7.75, 8.26118, -0.15446],
			"to": [8.25, 8.51118, 0.47054],
			"rotation": {"angle": 22.5, "axis": "x", "origin": [8, 8, 8]},
			"faces": {
				"north": {"uv": [10.5, 7.5, 10.75, 7.625], "texture": "#3"},
				"east": {"uv": [10.5, 3.5, 10.875, 3.625], "texture": "#3"},
				"west": {"uv": [10.875, 3.5, 10.5, 3.625], "texture": "#3"}
			}
		},
		{
			"from": [7.7525, 11.34284, 0.66189],
			"to": [8.2475, 11.59284, 1.69314],
			"rotation": {"angle": 0, "axis": "y", "origin": [8, 8, 8]},
			"faces": {
				"east": {"uv": [10, 10, 10.5, 10.125], "texture": "#3"},
				"west": {"uv": [10.5, 10, 10, 10.125], "texture": "#3"},
				"up": {"uv": [6, 10, 6.25, 9.5], "texture": "#3"}
			}
		},
		{
			"from": [7.7525, 12.45075, 2.41862],
			"to": [8.2475, 13.95075, 2.91862],
			"rotation": {"angle": -22.5, "axis": "x", "origin": [8, 8, 8]},
			"faces": {
				"north": {"uv": [8, 9, 8.25, 9.75], "texture": "#3"},
				"east": {"uv": [8.5, 9, 8.75, 9.75], "texture": "#3"},
				"west": {"uv": [8.75, 9, 8.5, 9.75], "texture": "#3"}
			}
		},
		{
			"from": [8.625, 6.74704, 0.58525],
			"to": [8.87, 7.68454, 0.89775],
			"rotation": {"angle": 22.5, "axis": "x", "origin": [8, 8, 8]},
			"faces": {
				"north": {"uv": [5, 10, 5.125, 10.5], "texture": "#3"},
				"east": {"uv": [10, 5, 10.125, 5.5], "texture": "#3"},
				"west": {"uv": [10, 5, 10.125, 5.5], "texture": "#3"}
			}
		},
		{
			"from": [8.25, 14.64163, 5.56396],
			"to": [8.8675, 15.01663, 6.56396],
			"rotation": {"angle": -45, "axis": "x", "origin": [8, 8, 8]},
			"faces": {
				"east": {"uv": [9.5, 3.5, 10, 3.75], "texture": "#3"},
				"west": {"uv": [10, 3.5, 9.5, 3.75], "texture": "#3"},
				"up": {"uv": [9, 7, 9.375, 6.5], "texture": "#3"}
			}
		},
		{
			"from": [8.25, 7.68454, 0.58525],
			"to": [8.87, 8.43454, 0.89775],
			"rotation": {"angle": 22.5, "axis": "x", "origin": [8, 8, 8]},
			"faces": {
				"north": {"uv": [9.5, 0, 9.875, 0.375], "texture": "#3"},
				"east": {"uv": [1.5, 10.5, 1.625, 10.875], "texture": "#3"},
				"west": {"uv": [1.625, 10.5, 1.5, 10.875], "texture": "#3"}
			}
		},
		{
			"from": [8.25, 6.74704, 0.58525],
			"to": [8.625, 7.68454, 0.89775],
			"rotation": {"angle": 22.5, "axis": "x", "origin": [8, 8, 8]},
			"faces": {
				"north": {"uv": [6.5, 9.5, 6.75, 10], "texture": "#3"},
				"west": {"uv": [10.5, 0, 10.625, 0.5], "texture": "#3"}
			}
		},
		{
			"from": [7.75, 14.64163, 6.18896],
			"to": [8.25, 15.01663, 6.56396],
			"rotation": {"angle": -45, "axis": "x", "origin": [8, 8, 8]},
			"faces": {
				"north": {"uv": [5.5, 10, 5.75, 10.25], "texture": "#3"},
				"up": {"uv": [6, 10.25, 6.25, 10], "texture": "#3"}
			}
		},
		{
			"from": [8.625, 9.69607, 0.89806],
			"to": [8.875, 10.07107, 2.02306],
			"rotation": {"angle": 0, "axis": "y", "origin": [8, 8, 8]},
			"faces": {
				"east": {"uv": [9, 9, 9.625, 9.25], "texture": "#3"}
			}
		},
		{
			"from": [8.375, 11.07107, 1.64806],
			"to": [8.875, 11.57107, 2.02306],
			"rotation": {"angle": 0, "axis": "y", "origin": [8, 8, 8]},
			"faces": {
				"east": {"uv": [6.5, 10, 6.75, 10.25], "texture": "#3"}
			}
		},
		{
			"from": [8.25, 10.82107, 1.27306],
			"to": [8.875, 11.07107, 2.02306],
			"rotation": {"angle": 0, "axis": "y", "origin": [8, 8, 8]},
			"faces": {
				"east": {"uv": [10.5, 0.5, 10.875, 0.625], "texture": "#3"}
			}
		},
		{
			"from": [8.625, 10.07107, 1.14806],
			"to": [8.875, 10.82107, 2.02306],
			"rotation": {"angle": 0, "axis": "y", "origin": [8, 8, 8]},
			"faces": {
				"east": {"uv": [4, 9, 4.5, 9.375], "texture": "#3"}
			}
		},
		{
			"from": [7.375, 6.74704, 0.58525],
			"to": [7.75, 7.68454, 0.89775],
			"rotation": {"angle": 22.5, "axis": "x", "origin": [8, 8, 8]},
			"faces": {
				"north": {"uv": [6.75, 9.5, 6.5, 10], "texture": "#3"},
				"east": {"uv": [10.625, 0, 10.5, 0.5], "texture": "#3"}
			}
		},
		{
			"from": [7.125, 9.69607, 0.89806],
			"to": [7.375, 10.07107, 2.02306],
			"rotation": {"angle": 0, "axis": "y", "origin": [8, 8, 8]},
			"faces": {
				"west": {"uv": [9.625, 9, 9, 9.25], "texture": "#3"}
			}
		},
		{
			"from": [7.13, 6.74704, 0.58525],
			"to": [7.375, 7.68454, 0.89775],
			"rotation": {"angle": 22.5, "axis": "x", "origin": [8, 8, 8]},
			"faces": {
				"north": {"uv": [5.125, 10, 5, 10.5], "texture": "#3"},
				"east": {"uv": [10.125, 5, 10, 5.5], "texture": "#3"},
				"west": {"uv": [10.125, 5, 10, 5.5], "texture": "#3"}
			}
		},
		{
			"from": [7.125, 10.07107, 1.14806],
			"to": [7.375, 10.82107, 2.02306],
			"rotation": {"angle": 0, "axis": "y", "origin": [8, 8, 8]},
			"faces": {
				"west": {"uv": [4.5, 9, 4, 9.375], "texture": "#3"}
			}
		},
		{
			"from": [7.125, 10.82107, 1.27306],
			"to": [7.75, 11.07107, 2.02306],
			"rotation": {"angle": 0, "axis": "y", "origin": [8, 8, 8]},
			"faces": {
				"west": {"uv": [10.875, 0.5, 10.5, 0.625], "texture": "#3"}
			}
		},
		{
			"from": [7.13, 7.68454, 0.58525],
			"to": [7.75, 8.43454, 0.89775],
			"rotation": {"angle": 22.5, "axis": "x", "origin": [8, 8, 8]},
			"faces": {
				"north": {"uv": [9.875, 0, 9.5, 0.375], "texture": "#3"},
				"east": {"uv": [1.5, 10.5, 1.625, 10.875], "texture": "#3"},
				"west": {"uv": [1.625, 10.5, 1.5, 10.875], "texture": "#3"}
			}
		},
		{
			"from": [7.125, 11.07107, 1.64806],
			"to": [7.625, 11.57107, 2.02306],
			"rotation": {"angle": 0, "axis": "y", "origin": [8, 8, 8]},
			"faces": {
				"west": {"uv": [6.75, 10, 6.5, 10.25], "texture": "#3"}
			}
		},
		{
			"from": [7.1325, 14.64163, 5.56396],
			"to": [7.75, 15.01663, 6.56396],
			"rotation": {"angle": -45, "axis": "x", "origin": [8, 8, 8]},
			"faces": {
				"east": {"uv": [9.5, 3.5, 10, 3.75], "texture": "#3"},
				"west": {"uv": [10, 3.5, 9.5, 3.75], "texture": "#3"},
				"up": {"uv": [9.375, 7, 9, 6.5], "texture": "#3"}
			}
		},
		{
			"from": [7.125, 11.94607, 3.77306],
			"to": [8.875, 12.32107, 6.27306],
			"rotation": {"angle": 0, "axis": "y", "origin": [8, 8, 8]},
			"faces": {
				"east": {"uv": [7, 8.5625, 8.25, 8.75], "texture": "#3"},
				"south": {"uv": [9, 4.0625, 9.875, 4.25], "texture": "#3"},
				"west": {"uv": [8.25, 8.5625, 7, 8.75], "texture": "#3"},
				"up": {"uv": [1, 8.25, 1.875, 7], "texture": "#3"}
			}
		},
		{
			"from": [7.1275, 13.23474, 4.74841],
			"to": [8.8725, 13.60974, 5.74841],
			"rotation": {"angle": -22.5, "axis": "x", "origin": [8, 8, 8]},
			"faces": {
				"east": {"uv": [2.5, 9.5, 3, 9.75], "texture": "#3"},
				"west": {"uv": [3, 9.5, 2.5, 9.75], "texture": "#3"},
				"up": {"uv": [8, 7, 8.875, 6.5], "texture": "#3"}
			}
		},
		{
			"from": [8.625, 11.94607, 2.14806],
			"to": [8.875, 12.22732, 2.39806],
			"rotation": {"angle": 0, "axis": "y", "origin": [8, 8, 8]},
			"faces": {
				"north": {"uv": [11, 0, 11.125, 0.125], "texture": "#3"},
				"east": {"uv": [0.5, 11, 0.625, 11.125], "texture": "#3"},
				"south": {"uv": [0, 11, 0.125, 11.125], "texture": "#3"}
			}
		},
		{
			"from": [7.125, 11.94607, 2.39806],
			"to": [8.875, 12.13357, 2.71056],
			"rotation": {"angle": 0, "axis": "y", "origin": [8, 8, 8]},
			"faces": {
				"east": {"uv": [1.5, 11, 1.625, 11.125], "texture": "#3"},
				"south": {"uv": [9.5, 6.5, 10.375, 6.625], "texture": "#3"},
				"west": {"uv": [1.5, 11, 1.625, 11.125], "texture": "#3"},
				"up": {"uv": [7, 9.625, 7.875, 9.5], "texture": "#3"}
			}
		},
		{
			"from": [7.75, 11.94607, 2.14806],
			"to": [8.25, 12.22732, 2.39806],
			"rotation": {"angle": 0, "axis": "y", "origin": [8, 8, 8]},
			"faces": {
				"north": {"uv": [6, 10.5, 6.25, 10.625], "texture": "#3"},
				"south": {"uv": [10.5, 5.5, 10.75, 5.625], "texture": "#3"},
				"up": {"uv": [6.5, 10.625, 6.75, 10.5], "texture": "#3"}
			}
		},
		{
			"from": [8.25, 11.94607, 2.14806],
			"to": [8.625, 12.47732, 2.39806],
			"rotation": {"angle": 0, "axis": "y", "origin": [8, 8, 8]},
			"faces": {
				"north": {"uv": [10, 4.5, 10.25, 4.75], "texture": "#3"},
				"south": {"uv": [10, 4, 10.25, 4.25], "texture": "#3"},
				"west": {"uv": [1.875, 11.5, 2, 11.75], "texture": "#3"},
				"up": {"uv": [5.5, 10.625, 5.75, 10.5], "texture": "#3"}
			}
		},
		{
			"from": [11.35789, 10.37045, 2.15056],
			"to": [11.60789, 10.724, 2.39556],
			"rotation": {"angle": 45, "axis": "z", "origin": [8, 8, 8]},
			"faces": {
				"north": {"uv": [1, 11, 1.125, 11.125], "texture": "#3"},
				"east": {"uv": [11, 1, 11.125, 1.125], "texture": "#3"},
				"south": {"uv": [11, 0.5, 11.125, 0.625], "texture": "#3"}
			}
		},
		{
			"from": [7.125, 11.94607, 2.14806],
			"to": [7.375, 12.22732, 2.39806],
			"rotation": {"angle": 0, "axis": "y", "origin": [8, 8, 8]},
			"faces": {
				"north": {"uv": [11.125, 0, 11, 0.125], "texture": "#3"},
				"south": {"uv": [0.125, 11, 0, 11.125], "texture": "#3"},
				"west": {"uv": [0.625, 11, 0.5, 11.125], "texture": "#3"}
			}
		},
		{
			"from": [7.375, 11.94607, 2.14806],
			"to": [7.75, 12.47732, 2.39806],
			"rotation": {"angle": 0, "axis": "y", "origin": [8, 8, 8]},
			"faces": {
				"north": {"uv": [10.25, 4.5, 10, 4.75], "texture": "#3"},
				"east": {"uv": [2, 11.5, 1.875, 11.75], "texture": "#3"},
				"south": {"uv": [10.25, 4, 10, 4.25], "texture": "#3"},
				"up": {"uv": [5.75, 10.625, 5.5, 10.5], "texture": "#3"}
			}
		},
		{
			"from": [4.39211, 10.37045, 2.15056],
			"to": [4.64211, 10.724, 2.39556],
			"rotation": {"angle": -45, "axis": "z", "origin": [8, 8, 8]},
			"faces": {
				"north": {"uv": [1.125, 11, 1, 11.125], "texture": "#3"},
				"south": {"uv": [11.125, 0.5, 11, 0.625], "texture": "#3"},
				"west": {"uv": [11.125, 1, 11, 1.125], "texture": "#3"}
			}
		},
		{
			"from": [7.125, 9.69607, 6.27306],
			"to": [8.875, 10.69607, 13.89806],
			"rotation": {"angle": 0, "axis": "y", "origin": [8, 8, 8]},
			"faces": {
				"east": {"uv": [4.5, 2.5, 8.375, 3], "texture": "#3"},
				"south": {"uv": [8, 7, 8.875, 7.5], "texture": "#3"},
				"west": {"uv": [8.375, 2.5, 4.5, 3], "texture": "#3"},
				"up": {"uv": [12.25, 0, 11.375, 3.875], "texture": "#3"}
			}
		}
	],
	"groups": [
		{
			"name": "deagleslide",
			"origin": [8.875, 9.75, 16],
			"color": 0,
			"children": [0, 1, 2, 3, 4, 5, 6, 7, 8, 9, 10, 11, 12, 13, 14, 15, 16, 17, 18, 19, 20, 21, 22, 23, 24, 25, 26, 27, 28, 29, 30, 31, 32]
		}
	]
}