{
	"format_version": "1.9.0",
	"credit": "Made with Blockbench",
	"texture_size": [32, 32],
	"textures": {
		"3": "item/deagle",
		"particle": "item/handter"
	},
	"elements": [
		{
			"from": [7.25, 3.61106, 1.90941],
			"to": [8.75, 3.86106, 4.90941],
			"rotation": {"angle": 0, "axis": "y", "origin": [8, 8, 8]},
			"faces": {
				"north": {"uv": [10, 2.5, 10.75, 2.625], "texture": "#3"},
				"east": {"uv": [9, 8, 10.5, 8.125], "texture": "#3"},
				"south": {"uv": [2.5, 10, 3.25, 10.125], "texture": "#3"},
				"west": {"uv": [10.5, 8, 9, 8.125], "texture": "#3"},
				"up": {"uv": [5, 8, 5.75, 6.5], "texture": "#3"},
				"down": {"uv": [0, 7, 0.75, 8.5], "texture": "#3"}
			}
		},
		{
			"from": [7.125, 3.86106, 1.65941],
			"to": [8.875, 4.11106, 4.40941],
			"rotation": {"angle": 0, "axis": "y", "origin": [8, 8, 8]},
			"faces": {
				"east": {"uv": [0.25, 6.5, 1.625, 6.625], "texture": "#3"},
				"west": {"uv": [1.625, 6.5, 0.25, 6.625], "texture": "#3"},
				"up": {"uv": [1.625, 6.5, 0.25, 6.625], "rotation": 90, "texture": "#3"},
				"down": {"uv": [5.5, 0.125, 6.375, 1.5], "texture": "#3"}
			}
		},
		{
			"from": [7.5, 3.86106, 2.06566],
			"to": [8.5, 9.11106, 4.56566],
			"rotation": {"angle": 0, "axis": "y", "origin": [8, 8, 8]},
			"faces": {
				"north": {"uv": [2.5, 5.5, 3, 8.125], "texture": "#3"},
				"east": {"uv": [3, 0, 4.25, 2.625], "texture": "#3"},
				"south": {"uv": [2, 5.5, 2.5, 8.125], "texture": "#3"},
				"west": {"uv": [4.25, 0, 3, 2.625], "texture": "#3"},
				"up": {"uv": [4.5, 9.25, 5, 8], "texture": "#3"}
			}
		}
	],
	"groups": [
		{
			"name": "deaglecartridges",
			"origin": [8.75, 2.91499, 4.88635],
			"color": 0,
			"children": [0, 1, 2]
		}
	]
}