{
	"format_version": "1.9.0",
	"credit": "Made with Blockbench",
	"texture_size": [32, 32],
	"textures": {
		"3": "item/deagle",
		"particle": "item/handter"
	},
	"elements": [
		{
			"from": [7.13, 6.62902, 0.87035],
			"to": [8.87, 7.25402, 2.12035],
			"rotation": {"angle": 22.5, "axis": "x", "origin": [8, 8, 8]},
			"faces": {
				"north": {"uv": [8.5, 5, 9.375, 5.375], "texture": "#3"},
				"east": {"uv": [9, 1.5, 9.625, 1.875], "texture": "#3"},
				"west": {"uv": [9.625, 1.5, 9, 1.875], "texture": "#3"},
				"down": {"uv": [5, 8, 5.875, 8.625], "texture": "#3"}
			}
		},
		{
			"from": [7.125, 10.44607, 15.71056],
			"to": [8.875, 10.69607, 16.02306],
			"rotation": {"angle": 0, "axis": "y", "origin": [8, 8, 8]},
			"faces": {
				"east": {"uv": [11, 1.5, 11.125, 1.625], "texture": "#3"},
				"south": {"uv": [9.5, 7, 10.375, 7.125], "texture": "#3"},
				"west": {"uv": [11, 1.5, 11.125, 1.625], "texture": "#3"}
			}
		},
		{
			"from": [7.125, 6.94607, 2.02306],
			"to": [8.875, 9.69607, 5.27306],
			"rotation": {"angle": 0, "axis": "y", "origin": [8, 8, 8]},
			"faces": {
				"north": {"uv": [6.5, 0, 7.375, 1.375], "texture": "#3"},
				"east": {"uv": [2.5, 4, 4.125, 5.375], "texture": "#3"},
				"south": {"uv": [6, 6, 6.875, 7.375], "texture": "#3"},
				"west": {"uv": [4.125, 4, 2.5, 5.375], "texture": "#3"}
			}
		},
		{
			"from": [7.13, 3.73275, 2.63396],
			"to": [8.87, 5.98275, 2.88396],
			"rotation": {"angle": 22.5, "axis": "x", "origin": [8, 8, 8]},
			"faces": {
				"north": {"uv": [7, 7, 7.875, 8.125], "texture": "#3"},
				"east": {"uv": [2, 9.5, 2.125, 10.625], "texture": "#3"},
				"west": {"uv": [2, 9.5, 2.125, 10.625], "texture": "#3"}
			}
		},
		{
			"from": [7.125, 9.19607, 5.27306],
			"to": [8.875, 9.69607, 10.02306],
			"rotation": {"angle": 0, "axis": "y", "origin": [8, 8, 8]},
			"faces": {
				"east": {"uv": [8, 5.5, 10.375, 5.75], "texture": "#3"},
				"south": {"uv": [9, 4.5, 9.875, 4.75], "texture": "#3"},
				"west": {"uv": [10.375, 5.5, 8, 5.75], "texture": "#3"},
				"up": {"uv": [1, 0, 1.875, 2.375], "texture": "#3"},
				"down": {"uv": [4.5, 0, 5.375, 2.375], "texture": "#3"}
			}
		},
		{
			"from": [7.625, 9.44607, 10.02306],
			"to": [8.375, 9.69607, 14.02306],
			"rotation": {"angle": 0, "axis": "y", "origin": [8, 8, 8]},
			"faces": {
				"east": {"uv": [8.5, 8.5, 10.5, 8.625], "texture": "#3"},
				"south": {"uv": [10.5, 2, 10.875, 2.125], "texture": "#3"},
				"west": {"uv": [10.5, 8.5, 8.5, 8.625], "texture": "#3"}
			}
		},
		{
			"from": [7.375, 9.19607, 10.02306],
			"to": [8.625, 9.44607, 14.02306],
			"rotation": {"angle": 0, "axis": "y", "origin": [8, 8, 8]},
			"faces": {
				"east": {"uv": [9, 1, 11, 1.125], "texture": "#3"},
				"south": {"uv": [4, 10, 4.625, 10.125], "texture": "#3"},
				"west": {"uv": [11, 1, 9, 1.125], "texture": "#3"},
				"up": {"uv": [3, 7.5, 3.625, 5.5], "texture": "#3"},
				"down": {"uv": [6, 4, 6.625, 6], "texture": "#3"}
			}
		},
		{
			"from": [7.625, 10.69607, 16.02306],
			"to": [8.375, 11.82107, 16.02306],
			"rotation": {"angle": 0, "axis": "y", "origin": [8, 8, 8]},
			"faces": {
				"south": {"uv": [3, 9, 3.375, 9.625], "texture": "#3"}
			}
		},
		{
			"from": [8.375, 10.82107, 6.27306],
			"to": [8.75, 11.82107, 8.27306],
			"rotation": {"angle": 0, "axis": "y", "origin": [8, 8, 8]},
			"faces": {
				"north": {"uv": [4.5, 9.5, 4.75, 10], "texture": "#3"},
				"east": {"uv": [5.5, 2, 6.5, 2.5], "texture": "#3"},
				"south": {"uv": [4, 9.5, 4.25, 10], "texture": "#3"},
				"west": {"uv": [6.5, 2, 5.5, 2.5], "texture": "#3"}
			}
		},
		{
			"from": [7.9375, 12.07107, 15.27306],
			"to": [8.0625, 12.44607, 15.77306],
			"rotation": {"angle": 0, "axis": "y", "origin": [8, 8, 8]},
			"faces": {
				"east": {"uv": [7, 10, 7.25, 10.25], "texture": "#3"},
				"south": {"uv": [10.5, 6.5, 10.625, 6.75], "texture": "#3"},
				"west": {"uv": [7.25, 10, 7, 10.25], "texture": "#3"},
				"up": {"uv": [7, 10.75, 7.125, 10.5], "texture": "#3"}
			}
		},
		{
			"from": [7.9448, 5.62602, 15.66668],
			"to": [8.0598, 6.00102, 16.28668],
			"rotation": {"angle": -45, "axis": "x", "origin": [8, 8, 8]},
			"faces": {
				"east": {"uv": [10, 0, 10.375, 0.25], "texture": "#3"},
				"west": {"uv": [10.375, 0, 10, 0.25], "texture": "#3"},
				"up": {"uv": [2.5, 10.875, 2.625, 10.5], "texture": "#3"}
			}
		},
		{
			"from": [7.125, 9.44607, 0.27306],
			"to": [8.875, 9.69607, 2.02306],
			"rotation": {"angle": 0, "axis": "y", "origin": [8, 8, 8]},
			"faces": {
				"east": {"uv": [9.5, 7.5, 10.375, 7.625], "texture": "#3"},
				"west": {"uv": [10.375, 7.5, 9.5, 7.625], "texture": "#3"},
				"up": {"uv": [6.5, 2.375, 7.375, 1.5], "texture": "#3"},
				"down": {"uv": [7.5, 1.5, 8.375, 2.375], "texture": "#3"}
			}
		},
		{
			"from": [7.13, 12.27393, 0.7603],
			"to": [8.87, 12.52393, 1.5103],
			"rotation": {"angle": -22.5, "axis": "x", "origin": [8, 8, 8]},
			"faces": {
				"north": {"uv": [9, 9.5, 9.875, 9.625], "texture": "#3"},
				"east": {"uv": [3, 10.5, 3.375, 10.625], "texture": "#3"},
				"west": {"uv": [3.375, 10.5, 3, 10.625], "texture": "#3"},
				"up": {"uv": [8.5, 2.375, 9.375, 2], "texture": "#3"},
				"down": {"uv": [8.5, 2.5, 9.375, 2.875], "texture": "#3"}
			}
		},
		{
			"from": [7.13, 10.55683, 2.60787],
			"to": [8.87, 11.55683, 2.85787],
			"rotation": {"angle": -22.5, "axis": "x", "origin": [8, 8, 8]},
			"faces": {
				"north": {"uv": [8, 7.5, 8.875, 8], "texture": "#3"},
				"east": {"uv": [7.5, 10, 7.625, 10.5], "texture": "#3"},
				"west": {"uv": [7.5, 10, 7.625, 10.5], "texture": "#3"}
			}
		},
		{
			"from": [7.5, 7.69607, 7.77306],
			"to": [8.5, 9.19607, 8.02306],
			"rotation": {"angle": 0, "axis": "y", "origin": [8, 8, 8]},
			"faces": {
				"north": {"uv": [8.5, 1, 9, 1.75], "texture": "#3"},
				"east": {"uv": [1, 10, 1.125, 10.75], "texture": "#3"},
				"south": {"uv": [1, 8.5, 1.5, 9.25], "texture": "#3"},
				"west": {"uv": [1, 10, 1.125, 10.75], "texture": "#3"}
			}
		},
		{
			"from": [7.5, 6.54251, 5.07956],
			"to": [8.5, 7.29251, 5.57956],
			"rotation": {"angle": 45, "axis": "x", "origin": [8, 8, 8]},
			"faces": {
				"east": {"uv": [10, 1.5, 10.25, 1.875], "texture": "#3"},
				"south": {"uv": [9, 7, 9.5, 7.375], "texture": "#3"},
				"west": {"uv": [10.25, 1.5, 10, 1.875], "texture": "#3"}
			}
		},
		{
			"from": [7.5, 7.57107, 5.77306],
			"to": [8.5, 7.69607, 8.14806],
			"rotation": {"angle": 0, "axis": "y", "origin": [8, 8, 8]},
			"faces": {
				"east": {"uv": [0, 9.5, 1.25, 9.625], "texture": "#3"},
				"south": {"uv": [8, 10, 8.5, 10.125], "texture": "#3"},
				"west": {"uv": [1.25, 9.5, 0, 9.625], "texture": "#3"},
				"up": {"uv": [4, 8.75, 4.5, 7.5], "texture": "#3"},
				"down": {"uv": [8, 4, 8.5, 5.25], "texture": "#3"}
			}
		},
		{
			"from": [7.5025, 7.92948, 7.47909],
			"to": [8.4975, 8.08573, 7.79159],
			"rotation": {"angle": -45, "axis": "x", "origin": [8, 8, 8]},
			"faces": {
				"east": {"uv": [2, 11, 2.125, 11.125], "texture": "#3"},
				"west": {"uv": [2, 11, 2.125, 11.125], "texture": "#3"},
				"up": {"uv": [8.5, 10.125, 9, 10], "texture": "#3"}
			}
		},
		{
			"from": [7.5025, 7.66255, 7.86423],
			"to": [8.4975, 8.0063, 8.02048],
			"rotation": {"angle": -22.5, "axis": "x", "origin": [8, 8, 8]},
			"faces": {
				"east": {"uv": [11, 2, 11.125, 2.125], "texture": "#3"},
				"south": {"uv": [9, 10, 9.5, 10.125], "texture": "#3"},
				"west": {"uv": [11, 2, 11.125, 2.125], "texture": "#3"}
			}
		},
		{
			"from": [7.13, 8.58251, 4.90117],
			"to": [8.87, 9.45751, 5.65117],
			"rotation": {"angle": -22.5, "axis": "x", "origin": [8, 8, 8]},
			"faces": {
				"east": {"uv": [9, 7.5, 9.375, 8], "texture": "#3"},
				"south": {"uv": [8, 8, 8.875, 8.5], "texture": "#3"},
				"west": {"uv": [9.375, 7.5, 9, 8], "texture": "#3"},
				"down": {"uv": [8.5, 3, 9.375, 3.375], "texture": "#3"}
			}
		},
		{
			"from": [7.5025, 6.75151, 5.73171],
			"to": [8.4975, 6.87651, 6.10671],
			"rotation": {"angle": 22.5, "axis": "x", "origin": [8, 8, 8]},
			"faces": {
				"east": {"uv": [10.5, 7, 10.75, 7.125], "texture": "#3"},
				"west": {"uv": [10.75, 7, 10.5, 7.125], "texture": "#3"},
				"up": {"uv": [5, 9.75, 5.5, 9.5], "texture": "#3"},
				"down": {"uv": [9.5, 5, 10, 5.25], "texture": "#3"}
			}
		},
		{
			"from": [7.5, 8.94607, 7.52306],
			"to": [8.5, 9.19607, 7.77306],
			"rotation": {"angle": 0, "axis": "y", "origin": [8, 8, 8]},
			"faces": {
				"north": {"uv": [10, 9, 10.5, 9.125], "texture": "#3"},
				"east": {"uv": [2.5, 11, 2.625, 11.125], "texture": "#3"},
				"west": {"uv": [2.5, 11, 2.625, 11.125], "texture": "#3"}
			}
		},
		{
			"from": [7.5025, 8.63122, 8.33173],
			"to": [8.4975, 9.00622, 8.58173],
			"rotation": {"angle": -45, "axis": "x", "origin": [8, 8, 8]},
			"faces": {
				"north": {"uv": [5.5, 9.5, 6, 9.75], "texture": "#3"},
				"east": {"uv": [7.5, 10.5, 7.625, 10.75], "texture": "#3"},
				"west": {"uv": [7.5, 10.5, 7.625, 10.75], "texture": "#3"}
			}
		},
		{
			"from": [7.875, 8.63357, 5.71056],
			"to": [8.125, 9.19607, 6.05431],
			"rotation": {"angle": 0, "axis": "y", "origin": [8, 8, 8]},
			"faces": {
				"north": {"uv": [10.5, 8, 10.625, 8.25], "texture": "#3"},
				"east": {"uv": [8.5, 10.5, 8.625, 10.75], "texture": "#3"},
				"south": {"uv": [8, 10.5, 8.125, 10.75], "texture": "#3"},
				"west": {"uv": [8.5, 10.5, 8.625, 10.75], "texture": "#3"}
			}
		},
		{
			"from": [7.88, 8.96148, 6.12729],
			"to": [8.12, 9.46148, 6.47104],
			"rotation": {"angle": -22.5, "axis": "x", "origin": [8, 8, 8]},
			"faces": {
				"north": {"uv": [9, 10.5, 9.125, 10.75], "texture": "#3"},
				"east": {"uv": [10.5, 9, 10.625, 9.25], "texture": "#3"},
				"south": {"uv": [10.5, 8.5, 10.625, 8.75], "texture": "#3"},
				"west": {"uv": [10.5, 9, 10.625, 9.25], "texture": "#3"}
			}
		},
		{
			"from": [7.875, 9.10494, 6.63778],
			"to": [8.125, 9.60494, 6.98153],
			"rotation": {"angle": -45, "axis": "x", "origin": [8, 8, 8]},
			"faces": {
				"north": {"uv": [10.5, 9.5, 10.625, 9.75], "texture": "#3"},
				"east": {"uv": [10, 10.5, 10.125, 10.75], "texture": "#3"},
				"south": {"uv": [9.5, 10.5, 9.625, 10.75], "texture": "#3"},
				"west": {"uv": [10, 10.5, 10.125, 10.75], "texture": "#3"},
				"down": {"uv": [11, 2.5, 11.125, 2.625], "texture": "#3"}
			}
		},
		{
			"from": [9.34014, 10.156, 6.27806],
			"to": [9.84014, 10.656, 7.89806],
			"rotation": {"angle": 22.5, "axis": "z", "origin": [8, 8, 8]},
			"faces": {
				"north": {"uv": [9.5, 10, 9.75, 10.25], "texture": "#3"},
				"east": {"uv": [5.17578, 9, 5.98438, 9.25], "texture": "#3"}
			}
		},
		{
			"from": [7.13, 12.51767, 14.16376],
			"to": [8.87, 13.33017, 14.47626],
			"rotation": {"angle": 22.5, "axis": "x", "origin": [8, 8, 8]},
			"faces": {
				"east": {"uv": [4, 10.5, 4.125, 10.875], "texture": "#3"},
				"south": {"uv": [8.5, 3.5, 9.375, 3.875], "texture": "#3"},
				"west": {"uv": [4, 10.5, 4.125, 10.875], "texture": "#3"}
			}
		},
		{
			"from": [7.125, 9.69607, 13.89806],
			"to": [8.875, 10.69607, 15.71056],
			"rotation": {"angle": 0, "axis": "y", "origin": [8, 8, 8]},
			"faces": {
				"north": {"uv": [0, 8.5, 0.875, 9], "texture": "#3"},
				"east": {"uv": [8.45313, 0, 9.35938, 0.5], "texture": "#3"},
				"west": {"uv": [9.35938, 0, 8.45313, 0.5], "texture": "#3"},
				"down": {"uv": [7.5, 3, 8.375, 3.92188], "texture": "#3"}
			}
		},
		{
			"from": [9.34014, 10.156, 7.89806],
			"to": [9.84014, 11.406, 16.01306],
			"rotation": {"angle": 22.5, "axis": "z", "origin": [8, 8, 8]},
			"faces": {
				"east": {"uv": [3, 3, 7.28516, 3.625], "texture": "#3"},
				"south": {"uv": [1.5, 9.5, 1.75, 10.125], "texture": "#3"}
			}
		},
		{
			"from": [7.625, 10.69607, 6.27306],
			"to": [8.375, 11.19607, 8.27306],
			"rotation": {"angle": 0, "axis": "y", "origin": [8, 8, 8]},
			"faces": {
				"north": {"uv": [10, 2, 10.375, 2.25], "texture": "#3"},
				"up": {"uv": [1.5, 9.5, 1.875, 8.5], "texture": "#3"}
			}
		},
		{
			"from": [10.85723, 10.17158, 6.27806],
			"to": [11.23223, 10.70191, 8.26806],
			"rotation": {"angle": 45, "axis": "z", "origin": [8, 8, 8]},
			"faces": {
				"north": {"uv": [10.5, 10.5, 10.625, 10.75], "texture": "#3"},
				"east": {"uv": [0, 9, 1, 9.25], "texture": "#3"},
				"south": {"uv": [10.5, 10, 10.625, 10.25], "texture": "#3"},
				"west": {"uv": [1, 9, 0, 9.25], "texture": "#3"}
			}
		},
		{
			"from": [7.625, 11.94607, 8.27306],
			"to": [8.375, 12.07107, 10.02306],
			"rotation": {"angle": 0, "axis": "y", "origin": [8, 8, 8]},
			"faces": {
				"south": {"uv": [10.5, 4, 10.875, 4.125], "texture": "#3"},
				"up": {"uv": [2.5, 9.375, 2.875, 8.5], "texture": "#3"}
			}
		},
		{
			"from": [7.5, 11.82107, 8.27306],
			"to": [8.5, 11.94607, 16.02306],
			"rotation": {"angle": 0, "axis": "y", "origin": [8, 8, 8]},
			"faces": {
				"east": {"uv": [8, 6, 11.875, 6.125], "texture": "#3"},
				"south": {"uv": [10, 9.5, 10.5, 9.625], "texture": "#3"},
				"west": {"uv": [11.875, 6, 8, 6.125], "texture": "#3"},
				"up": {"uv": [4.5, 7.875, 5, 4], "texture": "#3"},
				"down": {"uv": [8, 6, 11.875, 6.125], "rotation": 90, "texture": "#3"}
			}
		},
		{
			"from": [7.625, 11.94607, 14.27306],
			"to": [8.375, 12.07107, 16.02306],
			"rotation": {"angle": 0, "axis": "y", "origin": [8, 8, 8]},
			"faces": {
				"north": {"uv": [10.5, 4.5, 10.875, 4.625], "texture": "#3"},
				"south": {"uv": [4.5, 10.5, 4.875, 10.625], "texture": "#3"},
				"up": {"uv": [8.5, 4.875, 8.875, 4], "texture": "#3"}
			}
		},
		{
			"from": [7.625, 11.94607, 10.27306],
			"to": [8.375, 12.07107, 14.02306],
			"rotation": {"angle": 0, "axis": "y", "origin": [8, 8, 8]},
			"faces": {
				"north": {"uv": [10.5, 5, 10.875, 5.125], "texture": "#3"},
				"south": {"uv": [5, 10.5, 5.375, 10.625], "texture": "#3"},
				"up": {"uv": [4, 7.375, 4.375, 5.5], "texture": "#3"}
			}
		},
		{
			"from": [5.38648, 11.01885, 14.27556],
			"to": [5.56326, 11.14385, 16.02056],
			"rotation": {"angle": -45, "axis": "z", "origin": [8, 8, 8]},
			"faces": {
				"north": {"uv": [11, 3, 11.125, 3.125], "texture": "#3"},
				"south": {"uv": [3, 11, 3.125, 11.125], "texture": "#3"},
				"up": {"uv": [0, 10.875, 0.125, 10], "texture": "#3"}
			}
		},
		{
			"from": [5.38648, 11.01885, 10.27556],
			"to": [5.56326, 11.14385, 14.02056],
			"rotation": {"angle": -45, "axis": "z", "origin": [8, 8, 8]},
			"faces": {
				"north": {"uv": [11, 3.5, 11.125, 3.625], "texture": "#3"},
				"south": {"uv": [3.5, 11, 3.625, 11.125], "texture": "#3"},
				"up": {"uv": [3.5, 10.875, 3.625, 9], "texture": "#3"}
			}
		},
		{
			"from": [5.38648, 11.01885, 8.27056],
			"to": [5.56326, 11.14385, 10.02056],
			"rotation": {"angle": -45, "axis": "z", "origin": [8, 8, 8]},
			"faces": {
				"south": {"uv": [4, 11, 4.125, 11.125], "texture": "#3"},
				"up": {"uv": [0.5, 10.875, 0.625, 10], "texture": "#3"}
			}
		},
		{
			"from": [7.13, 4.3265, 5.63396],
			"to": [8.87, 5.98275, 5.88396],
			"rotation": {"angle": 22.5, "axis": "x", "origin": [8, 8, 8]},
			"faces": {
				"east": {"uv": [9.5, 2, 9.625, 3.125], "texture": "#3"},
				"south": {"uv": [6, 7.5, 6.875, 8.625], "texture": "#3"},
				"west": {"uv": [9.5, 2, 9.625, 3.125], "texture": "#3"}
			}
		},
		{
			"from": [7.1363, 6.11106, 1.65941],
			"to": [8.8663, 6.61106, 4.90941],
			"rotation": {"angle": 0, "axis": "y", "origin": [8, 8, 8]},
			"faces": {
				"east": {"uv": [0.0586, 11.375, 1.67578, 11.625], "texture": "#3"},
				"west": {"uv": [1.67578, 11.375, 0.0586, 11.625], "texture": "#3"}
			}
		},
		{
			"from": [7.1363, 6.61106, 1.84691],
			"to": [8.8663, 6.95481, 5.09691],
			"rotation": {"angle": 0, "axis": "y", "origin": [8, 8, 8]},
			"faces": {
				"east": {"uv": [0.21094, 12.25, 1.83594, 12.375], "texture": "#3"},
				"west": {"uv": [1.83594, 12.25, 0.21094, 12.375], "texture": "#3"}
			}
		},
		{
			"from": [7.625, 11.82107, 6.27306],
			"to": [8.375, 12.19607, 8.27306],
			"rotation": {"angle": 0, "axis": "y", "origin": [8, 8, 8]},
			"faces": {
				"north": {"uv": [10, 3.5, 10.375, 3.75], "texture": "#3"},
				"south": {"uv": [10, 3, 10.375, 3.25], "texture": "#3"},
				"up": {"uv": [2, 9.5, 2.375, 8.5], "texture": "#3"},
				"down": {"uv": [2, 8.5, 2.375, 9.5], "texture": "#3"}
			}
		},
		{
			"from": [7.125, 9.69607, 10.02306],
			"to": [8.875, 9.70607, 13.89806],
			"rotation": {"angle": 0, "axis": "y", "origin": [8, 8, 8]},
			"faces": {
				"up": {"uv": [2, 3.75, 2.875, 1.875], "texture": "#3"},
				"down": {"uv": [2, 0, 2.875, 1.875], "texture": "#3"}
			}
		},
		{
			"from": [7.125, 3.86106, 4.40941],
			"to": [8.875, 5.51731, 4.65941],
			"rotation": {"angle": 0, "axis": "y", "origin": [8, 8, 8]},
			"faces": {
				"north": {"uv": [8.375, 0, 7.5, 0.75], "texture": "#3"},
				"east": {"uv": [0, 5.875, 0.125, 6.625], "texture": "#3"},
				"south": {"uv": [7.5, 0, 8.375, 0.75], "texture": "#3"},
				"west": {"uv": [0, 5.875, 0.125, 6.625], "texture": "#3"},
				"down": {"uv": [5.5, 0, 6.375, 0.125], "texture": "#3"}
			}
		},
		{
			"from": [7.125, 3.86106, 1.40941],
			"to": [8.875, 6.11106, 1.65941],
			"rotation": {"angle": 0, "axis": "y", "origin": [8, 8, 8]},
			"faces": {
				"north": {"uv": [3, 7.5, 3.875, 8.625], "texture": "#3"},
				"east": {"uv": [0.125, 5.5, 0.25, 6.625], "texture": "#3"},
				"south": {"uv": [3.875, 7.5, 3, 8.625], "texture": "#3"},
				"west": {"uv": [0.125, 5.5, 0.25, 6.625], "texture": "#3"},
				"down": {"uv": [5.5, 1.5, 6.375, 1.625], "texture": "#3"}
			}
		},
		{
			"from": [7.1363, 4.11106, 1.65941],
			"to": [8.8663, 6.11106, 4.65941],
			"rotation": {"angle": 0, "axis": "y", "origin": [8, 8, 8]},
			"faces": {
				"east": {"uv": [0.0586, 12.5, 1.55078, 13.5], "texture": "#3"},
				"west": {"uv": [1.55078, 12.5, 0.0586, 13.5], "texture": "#3"}
			}
		},
		{
			"from": [6.15986, 10.156, 6.27806],
			"to": [6.65986, 10.656, 7.89806],
			"rotation": {"angle": -22.5, "axis": "z", "origin": [8, 8, 8]},
			"faces": {
				"north": {"uv": [9.75, 10, 9.5, 10.25], "texture": "#3"},
				"west": {"uv": [5.98438, 9, 5.17578, 9.25], "texture": "#3"}
			}
		},
		{
			"from": [7.25, 10.82107, 6.27306],
			"to": [7.625, 11.82107, 8.27306],
			"rotation": {"angle": 0, "axis": "y", "origin": [8, 8, 8]},
			"faces": {
				"north": {"uv": [4.75, 9.5, 4.5, 10], "texture": "#3"},
				"east": {"uv": [5.5, 2, 6.5, 2.5], "texture": "#3"},
				"south": {"uv": [4.25, 9.5, 4, 10], "texture": "#3"},
				"west": {"uv": [6.5, 2, 5.5, 2.5], "texture": "#3"}
			}
		},
		{
			"from": [6.15986, 10.156, 7.89806],
			"to": [6.65986, 11.406, 16.01306],
			"rotation": {"angle": -22.5, "axis": "z", "origin": [8, 8, 8]},
			"faces": {
				"south": {"uv": [1.75, 9.5, 1.5, 10.125], "texture": "#3"},
				"west": {"uv": [7.28516, 3, 3, 3.625], "texture": "#3"}
			}
		},
		{
			"from": [10.43674, 11.01885, 14.27556],
			"to": [10.61352, 11.14385, 16.02056],
			"rotation": {"angle": 45, "axis": "z", "origin": [8, 8, 8]},
			"faces": {
				"north": {"uv": [11.125, 3, 11, 3.125], "texture": "#3"},
				"south": {"uv": [3.125, 11, 3, 11.125], "texture": "#3"},
				"up": {"uv": [0.125, 10.875, 0, 10], "texture": "#3"}
			}
		},
		{
			"from": [10.43674, 11.01885, 10.27556],
			"to": [10.61352, 11.14385, 14.02056],
			"rotation": {"angle": 45, "axis": "z", "origin": [8, 8, 8]},
			"faces": {
				"north": {"uv": [11.125, 3.5, 11, 3.625], "texture": "#3"},
				"south": {"uv": [3.625, 11, 3.5, 11.125], "texture": "#3"},
				"up": {"uv": [3.625, 10.875, 3.5, 9], "texture": "#3"}
			}
		},
		{
			"from": [10.43674, 11.01885, 8.27056],
			"to": [10.61352, 11.14385, 10.02056],
			"rotation": {"angle": 45, "axis": "z", "origin": [8, 8, 8]},
			"faces": {
				"south": {"uv": [4.125, 11, 4, 11.125], "texture": "#3"},
				"up": {"uv": [0.625, 10.875, 0.5, 10], "texture": "#3"}
			}
		},
		{
			"from": [4.76777, 10.17158, 6.27806],
			"to": [5.14277, 10.70191, 8.26806],
			"rotation": {"angle": -45, "axis": "z", "origin": [8, 8, 8]},
			"faces": {
				"north": {"uv": [10.625, 10.5, 10.5, 10.75], "texture": "#3"},
				"east": {"uv": [0, 9, 1, 9.25], "texture": "#3"},
				"south": {"uv": [10.625, 10, 10.5, 10.25], "texture": "#3"},
				"west": {"uv": [1, 9, 0, 9.25], "texture": "#3"}
			}
		},
		{
			"from": [5.37955, 10.12045, 16.02556],
			"to": [5.87955, 10.62045, 16.02556],
			"rotation": {"angle": -45, "axis": "z", "origin": [8, 8, 8]},
			"faces": {
				"south": {"uv": [0, 13.625, 0.25, 13.875], "texture": "#3"}
			}
		},
		{
			"from": [7.59375, 11.19607, 8.02056],
			"to": [8.40625, 11.85232, 8.02056],
			"rotation": {"angle": 0, "axis": "y", "origin": [8, 8, 8]},
			"faces": {
				"north": {"uv": [0.25, 13.625, 0, 13.875], "texture": "#3"}
			}
		}
	],
	"groups": [
		{
			"name": "deaglegun",
			"origin": [8.875, 9.75, 16],
			"color": 0,
			"children": [
				0,
				1,
				2,
				3,
				4,
				5,
				6,
				7,
				8,
				9,
				10,
				11,
				12,
				13,
				14,
				15,
				16,
				17,
				18,
				19,
				20,
				21,
				22,
				23,
				24,
				25,
				26,
				27,
				28,
				29,
				30,
				31,
				32,
				33,
				34,
				35,
				36,
				37,
				38,
				39,
				40,
				41,
				42,
				43,
				44,
				45,
				46,
				47,
				48,
				49,
				50,
				51,
				52,
				53,
				54,
				55
			]
		}
	]
}