{
	"format_version": "1.9.0",
	"credit": "Made with Blockbench",
	"texture_size": [32, 32],
	"textures": {
		"4": "item/handter",
		"particle": "item/handter"
	},
	"elements": [
		{
			"from": [8.88481, 6, -16],
			"to": [11.38481, 8.5, 9.25],
			"rotation": {"angle": -45, "axis": "y", "origin": [14.60688, 8.55393, 3.92825]},
			"faces": {
				"north": {"uv": [4, 3, 6, 4.5], "texture": "#4"},
				"east": {"uv": [4, 0, 15.5, 1.5], "texture": "#4"},
				"south": {"uv": [4, 4.5, 6, 6], "texture": "#4"},
				"west": {"uv": [4, 1.5, 15.5, 3], "texture": "#4"},
				"up": {"uv": [2, 11.5, 0, 0], "texture": "#4"},
				"down": {"uv": [4, 0, 2, 11.5], "texture": "#4"}
			}
		}
	],
	"groups": [
		{
			"name": "deaglehand2",
			"origin": [24.5, 5.25, -14.25],
			"color": 0,
			"children": [0]
		}
	]
}